id_nodo,tipo,nombre,id_indicador,id_proyecto,id_fragmento,campo_origen,idioma,texto
"INDICADOR::el proyecto incorpora enfoques interdisciplinarios o transdisciplinarios tanto en el planteamiento del problema como en los metodos, tipos de analisis y perspectivas conceptuales utilizadas.",INDICADOR,"El proyecto incorpora enfoques interdisciplinarios o transdisciplinarios tanto en el planteamiento del problema como en los métodos, tipos de análisis y perspectivas conceptuales utilizadas.",COL-01,,,,,
CATEGORIA_INDICADOR::condiciones_colaboracion,CATEGORIA_INDICADOR,CONDICIONES_COLABORACION,,,,,,
INDICADOR::el proyecto cuenta con la participacion activa y significativa de actores externos (academicos y/o no academicos) en distintas etapas del proceso investigativo.,INDICADOR,El proyecto cuenta con la participación activa y significativa de actores externos (académicos y/o no académicos) en distintas etapas del proceso investigativo.,COL-02,,,,,
"INDICADOR::nivel de participacion efectiva de actores de la comunidad, estado, sociedad o empresa en la formulacion, ejecucion y evaluacion del proyecto.",INDICADOR,"Nivel de participación efectiva de actores de la comunidad, Estado, sociedad o empresa en la formulación, ejecución y evaluación del proyecto.",COL-03,,,,,
INDICADOR::el proyecto establece mecanismos para el dialogo de saberes entre actores academicos y otros actores sociales.,INDICADOR,El proyecto establece mecanismos para el diálogo de saberes entre actores académicos y otros actores sociales.,ASC-01,,,,,
CATEGORIA_INDICADOR::apropiacion_social,CATEGORIA_INDICADOR,APROPIACION_SOCIAL,,,,,,
"INDICADOR::la solucion generada por el proyecto es usada, adaptada, replicada o sostenida por la comunidad, territorio o entidad beneficiaria.",INDICADOR,"La solución generada por el proyecto es usada, adaptada, replicada o sostenida por la comunidad, territorio o entidad beneficiaria.",ASC-02,,,,,
"INDICADOR::los materiales y productos entregados son pertinentes, comprensibles, de alta calidad y valorados positivamente por los grupos de interes.",INDICADOR,"Los materiales y productos entregados son pertinentes, comprensibles, de alta calidad y valorados positivamente por los grupos de interés.",ASC-03,,,,,
INDICADOR::el proyecto desarrolla productos y estrategias eficaces para comunicar el conocimiento generado a publicos no especializados.,INDICADOR,El proyecto desarrolla productos y estrategias eficaces para comunicar el conocimiento generado a públicos no especializados.,DIV-01,,,,,
CATEGORIA_INDICADOR::divulgacion,CATEGORIA_INDICADOR,DIVULGACION,,,,,,
"INDICADOR::numero de productos (comunicados, articulos, blogs, libros, videos, material para redes sociales, entre otros) disenados y utilizados para comunicar los resultados del proyecto a publicos diversos.",INDICADOR,"Número de productos (comunicados, artículos, blogs, libros, videos, material para redes sociales, entre otros) diseñados y utilizados para comunicar los resultados del proyecto a públicos diversos.",DIV-02,,,,,
INDICADOR::numero de menciones en medios de comunicacion y redes sociales de los hallazgos del proyecto.,INDICADOR,Número de menciones en medios de comunicación y redes sociales de los hallazgos del proyecto.,DIV-03,,,,,
"INDICADOR::nivel en que los resultados, metodologias o saberes generados por el proyecto son difundidos en formatos comprensibles, abiertos y reutilizables, y en que dichos materiales son efectivamente consultados y aprovechados por publicos diversos.",INDICADOR,"Nivel en que los resultados, metodologías o saberes generados por el proyecto son difundidos en formatos comprensibles, abiertos y reutilizables, y en que dichos materiales son efectivamente consultados y aprovechados por públicos diversos.",DIV-04,,,,,
INDICADOR::numero de espacios publicos promovidos por el proyecto para debatir la problematica investigativa y social mas alla del ambito academico.,INDICADOR,Número de espacios públicos promovidos por el proyecto para debatir la problemática investigativa y social más allá del ámbito académico.,DIV-05,,,,,
"INDICADOR::el proyecto fortalece procesos de construccion, preservacion y revitalizacion de la memoria e identidad cultural en comunidades o territorios.",INDICADOR,"El proyecto fortalece procesos de construcción, preservación y revitalización de la memoria e identidad cultural en comunidades o territorios.",CUL-01,,,,,
CATEGORIA_INDICADOR::impacto_mas_alla_academia,CATEGORIA_INDICADOR,IMPACTO_MAS_ALLA_ACADEMIA,,,,,,
"INDICADOR::el proyecto promueve la conservacion, valorizacion o enriquecimiento del patrimonio cultural, ya sea material o inmaterial.",INDICADOR,"El proyecto promueve la conservación, valorización o enriquecimiento del patrimonio cultural, ya sea material o inmaterial.",CUL-02,,,,,
INDICADOR::mejora en la calidad de vida o bienestar atribuida al proyecto.,INDICADOR,Mejora en la calidad de vida o bienestar atribuida al proyecto.,SOC-01,,,,,
"INDICADOR::el proyecto contribuye a consolidar redes de colaboracion y alianzas entre comunidades, organizaciones e instituciones.",INDICADOR,"El proyecto contribuye a consolidar redes de colaboración y alianzas entre comunidades, organizaciones e instituciones.",SOC-02,,,,,
"INDICADOR::el proyecto contribuyo a enfrentar desigualdades, exclusion o injusticia, promoviendo justicia social, equidad, inclusion y respeto a los derechos humanos.",INDICADOR,"El proyecto contribuyó a enfrentar desigualdades, exclusión o injusticia, promoviendo justicia social, equidad, inclusión y respeto a los derechos humanos.",SOC-03,,,,,
INDICADOR::numero de beneficiarios directos e indirectos.,INDICADOR,Número de beneficiarios directos e indirectos.,SOC-04,,,,,
INDICADOR::el proyecto desarrolla productos tecnologicos con participacion de actores no academicos o sectores aplicados.,INDICADOR,El proyecto desarrolla productos tecnológicos con participación de actores no académicos o sectores aplicados.,TEC-01,,,,,
INDICADOR::el proyecto incluye procesos participativos de validacion tecnologica con usuarios reales.,INDICADOR,El proyecto incluye procesos participativos de validación tecnológica con usuarios reales.,TEC-02,,,,,
INDICADOR::los resultados tecnologicos son desarrollados con potencial de comercializacion.,INDICADOR,Los resultados tecnológicos son desarrollados con potencial de comercialización.,TEC-03,,,,,
INDICADOR::el proyecto utiliza tecnologia para maximizar el impacto positivo en comunidades o actores destinatarios.,INDICADOR,El proyecto utiliza tecnología para maximizar el impacto positivo en comunidades o actores destinatarios.,TEC-04,,,,,
INDICADOR::el proyecto genera desarrollos tecnologicos originales con aplicacion demostrada fuera del ambito academico.,INDICADOR,El proyecto genera desarrollos tecnológicos originales con aplicación demostrada fuera del ámbito académico.,TEC-05,,,,,
INDICADOR::el proyecto aplica tecnologias preexistentes de forma novedosa y contextualizada para resolver problemas locales.,INDICADOR,El proyecto aplica tecnologías preexistentes de forma novedosa y contextualizada para resolver problemas locales.,TEC-06,,,,,
"INDICADOR::las soluciones tecnologicas generadas por el proyecto son adoptadas, adaptadas o sostenidas por actores de interes externos a la academia.",INDICADOR,"Las soluciones tecnológicas generadas por el proyecto son adoptadas, adaptadas o sostenidas por actores de interés externos a la academia.",TEC-07,,,,,
"INDICADOR::el proyecto genera ingresos adicionales mediante la implementacion, validacion o comercializacion de procesos, metodologias o productos nuevos o mejorados.",INDICADOR,"El proyecto genera ingresos adicionales mediante la implementación, validación o comercialización de procesos, metodologías o productos nuevos o mejorados.",ECO-01,,,,,
INDICADOR::el proyecto logra reducir costos en procesos organizativos o productivos mediante la implementacion de mejoras o innovaciones.,INDICADOR,El proyecto logra reducir costos en procesos organizativos o productivos mediante la implementación de mejoras o innovaciones.,ECO-02,,,,,
INDICADOR::el proyecto genera nuevas oportunidades laborales directas o indirectas.,INDICADOR,El proyecto genera nuevas oportunidades laborales directas o indirectas.,ECO-03,,,,,
INDICADOR::el proyecto fortalece o consolida eslabones clave de la cadena productiva y/o de suministros estrategicos.,INDICADOR,El proyecto fortalece o consolida eslabones clave de la cadena productiva y/o de suministros estratégicos.,ECO-04,,,,,
INDICADOR::el proyecto contribuye a mejorar practicas productivas sostenibles en los sectores o territorios involucrados.,INDICADOR,El proyecto contribuye a mejorar prácticas productivas sostenibles en los sectores o territorios involucrados.,ECO-05,,,,,
"INDICADOR::el proyecto impulsa el crecimiento economico de los grupos de interes (medido en tir, ingresos, calidad de vida, etc.).",INDICADOR,"El proyecto impulsa el crecimiento económico de los grupos de interés (medido en TIR, ingresos, calidad de vida, etc.).",ECO-06,,,,,
INDICADOR::el proyecto promueve capacidades productivas mediante la creacion de redes colaborativas o estrategias de economia solidaria.,INDICADOR,El proyecto promueve capacidades productivas mediante la creación de redes colaborativas o estrategias de economía solidaria.,ECO-07,,,,,
"INDICADOR::el proyecto desarrolla soluciones ambientales asociadas a servicios ecosistemicos, biodiversidad o sostenibilidad ambiental.",INDICADOR,"El proyecto desarrolla soluciones ambientales asociadas a servicios ecosistémicos, biodiversidad o sostenibilidad ambiental.",AMB-01,,,,,
"INDICADOR::el proyecto genera mejoras sostenibles en el entorno ambiental, economico y social de los grupos de interes.",INDICADOR,"El proyecto genera mejoras sostenibles en el entorno ambiental, económico y social de los grupos de interés.",AMB-02,,,,,
INDICADOR::el proyecto fortalece el bienestar fisico y mental de la poblacion.,INDICADOR,El proyecto fortalece el bienestar físico y mental de la población.,SAL-01,,,,,
INDICADOR::el proyecto contribuye a prevenir riesgos en salud publica.,INDICADOR,El proyecto contribuye a prevenir riesgos en salud pública.,SAL-02,,,,,
INDICADOR::el proyecto implementa acciones orientadas a mejorar la calidad de vida de personas en situacion de discapacidad.,INDICADOR,El proyecto implementa acciones orientadas a mejorar la calidad de vida de personas en situación de discapacidad.,SAL-03,,,,,
INDICADOR::el proyecto desarrolla intervenciones que contribuyeron a disminuir tasas de mortalidad en poblaciones especificas.,INDICADOR,El proyecto desarrolla intervenciones que contribuyeron a disminuir tasas de mortalidad en poblaciones específicas.,SAL-04,,,,,
INDICADOR::el proyecto fomenta el dialogo y la integracion entre medicina occidental y tradicional/ancestral.,INDICADOR,El proyecto fomenta el diálogo y la integración entre medicina occidental y tradicional/ancestral.,SAL-05,,,,,
INDICADOR::el proyecto fortalece estrategias participativas de cuidado implementadas por distintos actores sociales.,INDICADOR,El proyecto fortalece estrategias participativas de cuidado implementadas por distintos actores sociales.,SAL-06,,,,,
"INDICADOR::el proyecto facilita la participacion activa de los grupos de interes en procesos de formulacion, monitoreo o evaluacion de politicas publicas o iniciativas de ciencia ciudadana.",INDICADOR,"El proyecto facilita la participación activa de los grupos de interés en procesos de formulación, monitoreo o evaluación de políticas públicas o iniciativas de ciencia ciudadana.",POL-01,,,,,
"INDICADOR::numero de documentos oficiales (politica publica, leyes, regulaciones o decisiones judiciales) que citan resultados del proyecto.",INDICADOR,"Número de documentos oficiales (política pública, leyes, regulaciones o decisiones judiciales) que citan resultados del proyecto.",POL-02,,,,,
INDICADOR::numero de politicas publicas o programas gubernamentales modificados o implementados con base en hallazgos del proyecto.,INDICADOR,Número de políticas públicas o programas gubernamentales modificados o implementados con base en hallazgos del proyecto.,POL-03,,,,,
"INDICADOR::numero de manuales, herramientas o metodologias derivadas del proyecto y adoptadas por entidades estatales.",INDICADOR,"Número de manuales, herramientas o metodologías derivadas del proyecto y adoptadas por entidades estatales.",POL-04,,,,,
INDICADOR::numero de participaciones del equipo del proyecto en audiencias legislativas o judiciales.,INDICADOR,Número de participaciones del equipo del proyecto en audiencias legislativas o judiciales.,POL-05,,,,,
INDICADOR::el proyecto implica colaboracion efectiva con entidades publicas o actores sociales en la formulacion o evaluacion de politicas.,INDICADOR,El proyecto implica colaboración efectiva con entidades públicas o actores sociales en la formulación o evaluación de políticas.,POL-06,,,,,
INDICADOR::numero de informes tecnicos o documentos de politica generados desde el proyecto y entregados a entidades gubernamentales.,INDICADOR,Número de informes técnicos o documentos de política generados desde el proyecto y entregados a entidades gubernamentales.,POL-07,,,,,
"INDICADOR::numero de seminarios, talleres o capacitaciones organizadas para funcionarios publicos basadas en el proyecto.",INDICADOR,"Número de seminarios, talleres o capacitaciones organizadas para funcionarios públicos basadas en el proyecto.",POL-08,,,,,
"INDICADOR::numero de redes relacionadas con politicas publicas en las que el proyecto ha participado o contribuido a crear, conformadas por actores de diversos sectores.",INDICADOR,"Número de redes relacionadas con políticas públicas en las que el proyecto ha participado o contribuido a crear, conformadas por actores de diversos sectores.",POL-09,,,,,
PROYECTO::2-s2.0-105005783887,PROYECTO,"Co-Designing, Developing, and Testing a Mental Health Platform for Young People Using a Participatory Design Methodology in Colombia: Mixed Methods Study",,2-s2.0-105005783887,,,,
FRAGMENTO::2-s2.0-105005783887::facultad::1,FRAGMENTO,2-s2.0-105005783887::facultad::1,,,2-s2.0-105005783887::facultad::1,facultad,desconocido,INGENIERÍA
FRAGMENTO::2-s2.0-105005783887::programa_creacion::2,FRAGMENTO,2-s2.0-105005783887::programa_creacion::2,,,2-s2.0-105005783887::programa_creacion::2,programa_creacion,desconocido,Inge26
FRAGMENTO::2-s2.0-105005783887::tipo_documental::3,FRAGMENTO,2-s2.0-105005783887::tipo_documental::3,,,2-s2.0-105005783887::tipo_documental::3,tipo_documental,desconocido,ARTICLE
FRAGMENTO::2-s2.0-105005783887::investigador_docente::4,FRAGMENTO,2-s2.0-105005783887::investigador_docente::4,,,2-s2.0-105005783887::investigador_docente::4,investigador_docente,desconocido,"Pavlich Mariscal, Jaime Andres"
FRAGMENTO::2-s2.0-105005783887::anio::5,FRAGMENTO,2-s2.0-105005783887::anio::5,,,2-s2.0-105005783887::anio::5,anio,desconocido,2025
FRAGMENTO::2-s2.0-105005783887::nombre_producto::6,FRAGMENTO,2-s2.0-105005783887::nombre_producto::6,,,2-s2.0-105005783887::nombre_producto::6,nombre_producto,en,"Co-Designing, Developing, and Testing a Mental Health Platform for Young People Using a Participatory Design Methodology in Colombia: Mixed Methods Study"
FRAGMENTO::2-s2.0-105005783887::resumen::7,FRAGMENTO,2-s2.0-105005783887::resumen::7,,,2-s2.0-105005783887::resumen::7,resumen,en,"Background: Globally, mental health (MH) problems increasingly affect young people, contributing significantly to disability and disease. In low- and middle-income countries, such as Colombia, barriers to accessing care exacerbate the treatment gap. In addition, the lack of widespread digital interventions further deepens the digital health divide between the Global North and Global South, limiting equitable access to innovative MH solutions. Objective: This study aims to co-design and develop an MH platform using participatory design methodologies and conduct a 15-month naturalistic observational trial to assess its feasibility among Colombian youth. Methods: This study used a mixed methods approach within a structured research and development cycle."
FRAGMENTO::2-s2.0-105005783887::resumen::8,FRAGMENTO,2-s2.0-105005783887::resumen::8,,,2-s2.0-105005783887::resumen::8,resumen,en,"To ensure a user-centered design, we began with a series of co-design workshops, where stakeholders collaboratively identified key user needs. Following this, usability testing was conducted in 2 stages, alpha and beta, using the System Usability Scale (SUS) to assess functionality and user experience. To capture real-world interactions, a naturalistic observational trial ran from July 2022 to October 2023, collecting data on user engagement and system performance. This study integrated quantitative and qualitative analyses. Results: A total of 146 individuals participated in the co-design process, with 110 (75.3%) contributing to the development of platform components and 36 (24.7%) participating in usability testing."
FRAGMENTO::2-s2.0-105005783887::resumen::9,FRAGMENTO,2-s2.0-105005783887::resumen::9,,,2-s2.0-105005783887::resumen::9,resumen,en,"The co-designed platform integrated several key features, including social media and advertising, an MH screening tool, registration, targeted psychoeducational resources, automated tailored recommendations, and a ""track-as-you-go"" feature for continuous MH monitoring. Additional elements included user-friendly follow-up graphs, telecounseling integration, customizable well-being nudges, an emergency button, and gamification components to enhance engagement. During usability testing, the beta prototype received a median SUS score of 85.0 (IQR 80-92.5), indicating high usability. In the subsequent observational trial, which ran from July 2022 to October 2023, a total of 435 users interacted with the platform—314 (72.2%) as registered users and 121 (27.8%) anonymously."
FRAGMENTO::2-s2.0-105005783887::resumen::10,FRAGMENTO,2-s2.0-105005783887::resumen::10,,,2-s2.0-105005783887::resumen::10,resumen,en,"Emotional distress was prevalent, with 63.7% (200/314) of the registered users and 61.2% (74/121) of the anonymous users reporting distress, as measured by the 6-item Kessler Psychological Distress Scale. Despite 102 users requesting telecounseling, only 26.5% (27/102) completed a session. While usability scores remained high, engagement challenges emerged, with only 18.8% (59/314) of the users continuing platform use beyond the first day. Conclusions: This study explored the development and user experience of a youth MH platform in Colombia, demonstrating that a cocreation approach is both feasible and effective. By actively involving users throughout the design process, the platform achieved high usability and incorporated features that resonated with its target audience."
FRAGMENTO::2-s2.0-105005783887::resumen::11,FRAGMENTO,2-s2.0-105005783887::resumen::11,,,2-s2.0-105005783887::resumen::11,resumen,en,"However, sustaining long-term engagement remains a challenge, as does addressing privacy concerns, particularly for younger users. These findings highlight the importance of continuous user-centered refinement to enhance both accessibility and retention in digital MH interventions."
FRAGMENTO::2-s2.0-105005783887::palabras_clave::12,FRAGMENTO,2-s2.0-105005783887::palabras_clave::12,,,2-s2.0-105005783887::palabras_clave::12,palabras_clave,en,community-based participatory research | eHealth | help seeking | Latin America | low- and middle-income countries | medical informatics | mental health | patient participation | patient satisfaction | telemedicine
FRAGMENTO::2-s2.0-105005783887::nombre_revista_libro::13,FRAGMENTO,2-s2.0-105005783887::nombre_revista_libro::13,,,2-s2.0-105005783887::nombre_revista_libro::13,nombre_revista_libro,desconocido,Jmir Human Factors
FRAGMENTO::2-s2.0-105005783887::fuente::14,FRAGMENTO,2-s2.0-105005783887::fuente::14,,,2-s2.0-105005783887::fuente::14,fuente,desconocido,Scopus
FRAGMENTO::2-s2.0-105005783887::coautores::15,FRAGMENTO,2-s2.0-105005783887::coautores::15,,,2-s2.0-105005783887::coautores::15,coautores,en,"Ospina-Pinillos, Laura; Shambo-Rodríguez, Débora L.; Sánchez-Nítola, Mónica Natalí; Morales, Alexandra; Gallego-Sanchez, Laura C.; Riaño-Fonseca, María Isabel; Bello-Tocancipá, Andrea Carolina; Navarro-Mancilla, Alvaro; Pavlich-Mariscal, Jaime A.; Pomares-Quimbaya, Alexandra; Gómez-Restrepo, Carlos; Hickie, Ian B.; Occhipinti, Jo An"
FRAGMENTO::2-s2.0-105005783887::afiliacion_coautores::16,FRAGMENTO,2-s2.0-105005783887::afiliacion_coautores::16,,,2-s2.0-105005783887::afiliacion_coautores::16,afiliacion_coautores,mixto,Faculty of Medicine and Health; Pontificia Universidad Javeriana; Universidad Javeriana Facultad de Medicina; Computer Simulation & Advanced Research Technologies (CSART); Keralty Medical Centers; Medicalnet SAS
FRAGMENTO::2-s2.0-105005783887::pais_coautores::17,FRAGMENTO,2-s2.0-105005783887::pais_coautores::17,,,2-s2.0-105005783887::pais_coautores::17,pais_coautores,desconocido,Australia; Colombia
FACULTAD::ingenieria,FACULTAD,INGENIERÍA,,,,,,
PROGRAMA::inge26,PROGRAMA,Inge26,,,,,,
"INVESTIGADOR::pavlich mariscal, jaime andres",INVESTIGADOR,"Pavlich Mariscal, Jaime Andres",,,,,,
PALABRA_CLAVE::community-based participatory research,PALABRA_CLAVE,community-based participatory research,,,,,,
PALABRA_CLAVE::ehealth,PALABRA_CLAVE,eHealth,,,,,,
PALABRA_CLAVE::help seeking,PALABRA_CLAVE,help seeking,,,,,,
PALABRA_CLAVE::latin america,PALABRA_CLAVE,Latin America,,,,,,
PALABRA_CLAVE::low- and middle-income countries,PALABRA_CLAVE,low- and middle-income countries,,,,,,
PALABRA_CLAVE::medical informatics,PALABRA_CLAVE,medical informatics,,,,,,
PALABRA_CLAVE::mental health,PALABRA_CLAVE,mental health,,,,,,
PALABRA_CLAVE::patient participation,PALABRA_CLAVE,patient participation,,,,,,
PALABRA_CLAVE::patient satisfaction,PALABRA_CLAVE,patient satisfaction,,,,,,
PALABRA_CLAVE::telemedicine,PALABRA_CLAVE,telemedicine,,,,,,
"COAUTOR::ospina-pinillos, laura",COAUTOR,"Ospina-Pinillos, Laura",,,,,,
"COAUTOR::shambo-rodriguez, debora l.",COAUTOR,"Shambo-Rodríguez, Débora L.",,,,,,
"COAUTOR::sanchez-nitola, monica natali",COAUTOR,"Sánchez-Nítola, Mónica Natalí",,,,,,
"COAUTOR::morales, alexandra",COAUTOR,"Morales, Alexandra",,,,,,
"COAUTOR::gallego-sanchez, laura c.",COAUTOR,"Gallego-Sanchez, Laura C.",,,,,,
"COAUTOR::riano-fonseca, maria isabel",COAUTOR,"Riaño-Fonseca, María Isabel",,,,,,
"COAUTOR::bello-tocancipa, andrea carolina",COAUTOR,"Bello-Tocancipá, Andrea Carolina",,,,,,
"COAUTOR::navarro-mancilla, alvaro",COAUTOR,"Navarro-Mancilla, Alvaro",,,,,,
"COAUTOR::pavlich-mariscal, jaime a.",COAUTOR,"Pavlich-Mariscal, Jaime A.",,,,,,
"COAUTOR::pomares-quimbaya, alexandra",COAUTOR,"Pomares-Quimbaya, Alexandra",,,,,,
"COAUTOR::gomez-restrepo, carlos",COAUTOR,"Gómez-Restrepo, Carlos",,,,,,
"COAUTOR::hickie, ian b.",COAUTOR,"Hickie, Ian B.",,,,,,
"COAUTOR::occhipinti, jo an",COAUTOR,"Occhipinti, Jo An",,,,,,
AFILIACION::faculty of medicine and health,AFILIACION,Faculty of Medicine and Health,,,,,,
AFILIACION::pontificia universidad javeriana,AFILIACION,Pontificia Universidad Javeriana,,,,,,
AFILIACION::universidad javeriana facultad de medicina,AFILIACION,Universidad Javeriana Facultad de Medicina,,,,,,
AFILIACION::computer simulation & advanced research technologies (csart),AFILIACION,Computer Simulation & Advanced Research Technologies (CSART),,,,,,
AFILIACION::keralty medical centers,AFILIACION,Keralty Medical Centers,,,,,,
AFILIACION::medicalnet sas,AFILIACION,Medicalnet SAS,,,,,,
PAIS::australia,PAIS,Australia,,,,,,
PAIS::colombia,PAIS,Colombia,,,,,,
PROYECTO::2-s2.0-105014027137,PROYECTO,Subverting patriarchal narratives: a feminist approach to critical video game design through participatory methods,,2-s2.0-105014027137,,,,
FRAGMENTO::2-s2.0-105014027137::facultad::1,FRAGMENTO,2-s2.0-105014027137::facultad::1,,,2-s2.0-105014027137::facultad::1,facultad,es,VICERRECTORIA DE INVESTIGACIÓN
FRAGMENTO::2-s2.0-105014027137::programa_creacion::2,FRAGMENTO,2-s2.0-105014027137::programa_creacion::2,,,2-s2.0-105014027137::programa_creacion::2,programa_creacion,desconocido,Tanda Mega Prime
FRAGMENTO::2-s2.0-105014027137::tipo_documental::3,FRAGMENTO,2-s2.0-105014027137::tipo_documental::3,,,2-s2.0-105014027137::tipo_documental::3,tipo_documental,desconocido,ARTICLE
FRAGMENTO::2-s2.0-105014027137::investigador_docente::4,FRAGMENTO,2-s2.0-105014027137::investigador_docente::4,,,2-s2.0-105014027137::investigador_docente::4,investigador_docente,desconocido,"Florez Florez, Maria Juliana"
FRAGMENTO::2-s2.0-105014027137::anio::5,FRAGMENTO,2-s2.0-105014027137::anio::5,,,2-s2.0-105014027137::anio::5,anio,desconocido,2025
FRAGMENTO::2-s2.0-105014027137::nombre_producto::6,FRAGMENTO,2-s2.0-105014027137::nombre_producto::6,,,2-s2.0-105014027137::nombre_producto::6,nombre_producto,en,Subverting patriarchal narratives: a feminist approach to critical video game design through participatory methods
FRAGMENTO::2-s2.0-105014027137::resumen::7,FRAGMENTO,2-s2.0-105014027137::resumen::7,,,2-s2.0-105014027137::resumen::7,resumen,en,"This article examines participatory design as a methodology for creating critical video games within the context of feminist pedagogy, focusing on the development of ""Poder Violeta 2."" The game aims to challenge sexual harassment experienced by women, feminized bodies, and gender and sexual dissidents in Bogotá's public transportation system, a context marked by some of the highest rates of insecurity for women. The design process for this new version prioritized the active involvement of women public transport users at all stages and enhanced the use of video game–specific resources, such as multiple playable characters and power-ups, to enrich gameplay and narrative depth. These strategies resulted in greater agency for the game's protagonists and more accurate representation of historically marginalized groups."
FRAGMENTO::2-s2.0-105014027137::resumen::8,FRAGMENTO,2-s2.0-105014027137::resumen::8,,,2-s2.0-105014027137::resumen::8,resumen,en,"Qualitative transformations were observed both in the player experience and within the largely male development team, as the participatory process fostered ongoing learning and co-creation. The outcomes support the value of participatory design in generating inclusive and representative video game content, highlighting the narrative and pedagogical potential of medium-specific elements while emphasizing the empowerment and participation of historically excluded communities as a reference for future projects."
FRAGMENTO::2-s2.0-105014027137::palabras_clave::9,FRAGMENTO,2-s2.0-105014027137::palabras_clave::9,,,2-s2.0-105014027137::palabras_clave::9,palabras_clave,desconocido,critical video games | feminist pedagogy | participatory design | sexual harassment | video game design
FRAGMENTO::2-s2.0-105014027137::nombre_revista_libro::10,FRAGMENTO,2-s2.0-105014027137::nombre_revista_libro::10,,,2-s2.0-105014027137::nombre_revista_libro::10,nombre_revista_libro,en,Frontiers in Sociology
FRAGMENTO::2-s2.0-105014027137::fuente::11,FRAGMENTO,2-s2.0-105014027137::fuente::11,,,2-s2.0-105014027137::fuente::11,fuente,desconocido,Scopus | CvLAC | Google Scholar
FRAGMENTO::2-s2.0-105014027137::coautores::12,FRAGMENTO,2-s2.0-105014027137::coautores::12,,,2-s2.0-105014027137::coautores::12,coautores,desconocido,"Torres-Parra, Carlos Roberto; Florez-Florez, Maria Juliana; Cuervo, Roberto; Ramírez-Pérez, Omar Fernando; Fonseca, Oscar"
FRAGMENTO::2-s2.0-105014027137::afiliacion_coautores::13,FRAGMENTO,2-s2.0-105014027137::afiliacion_coautores::13,,,2-s2.0-105014027137::afiliacion_coautores::13,afiliacion_coautores,desconocido,Pontificia Universidad Javeriana
FRAGMENTO::2-s2.0-105014027137::pais_coautores::14,FRAGMENTO,2-s2.0-105014027137::pais_coautores::14,,,2-s2.0-105014027137::pais_coautores::14,pais_coautores,desconocido,Colombia
FACULTAD::vicerrectoria de investigacion,FACULTAD,VICERRECTORIA DE INVESTIGACIÓN,,,,,,
PROGRAMA::tanda mega prime,PROGRAMA,Tanda Mega Prime,,,,,,
"INVESTIGADOR::florez florez, maria juliana",INVESTIGADOR,"Florez Florez, Maria Juliana",,,,,,
PALABRA_CLAVE::critical video games,PALABRA_CLAVE,critical video games,,,,,,
PALABRA_CLAVE::feminist pedagogy,PALABRA_CLAVE,feminist pedagogy,,,,,,
PALABRA_CLAVE::participatory design,PALABRA_CLAVE,participatory design,,,,,,
PALABRA_CLAVE::sexual harassment,PALABRA_CLAVE,sexual harassment,,,,,,
PALABRA_CLAVE::video game design,PALABRA_CLAVE,video game design,,,,,,
"COAUTOR::torres-parra, carlos roberto",COAUTOR,"Torres-Parra, Carlos Roberto",,,,,,
"COAUTOR::florez-florez, maria juliana",COAUTOR,"Florez-Florez, Maria Juliana",,,,,,
"COAUTOR::cuervo, roberto",COAUTOR,"Cuervo, Roberto",,,,,,
"COAUTOR::ramirez-perez, omar fernando",COAUTOR,"Ramírez-Pérez, Omar Fernando",,,,,,
"COAUTOR::fonseca, oscar",COAUTOR,"Fonseca, Oscar",,,,,,
PROYECTO::2-s2.0-105014099823,PROYECTO,"Enhancing medication adherence, depression, and values-based behaviors in HIV-positive individuals through acceptance and commitment therapy: A pilot study",,2-s2.0-105014099823,,,,
FRAGMENTO::2-s2.0-105014099823::facultad::1,FRAGMENTO,2-s2.0-105014099823::facultad::1,,,2-s2.0-105014099823::facultad::1,facultad,desconocido,PSICOLOGÍA
FRAGMENTO::2-s2.0-105014099823::programa_creacion::2,FRAGMENTO,2-s2.0-105014099823::programa_creacion::2,,,2-s2.0-105014099823::programa_creacion::2,programa_creacion,desconocido,Tanda Mega Prime
FRAGMENTO::2-s2.0-105014099823::tipo_documental::3,FRAGMENTO,2-s2.0-105014099823::tipo_documental::3,,,2-s2.0-105014099823::tipo_documental::3,tipo_documental,desconocido,ARTICLE
FRAGMENTO::2-s2.0-105014099823::investigador_docente::4,FRAGMENTO,2-s2.0-105014099823::investigador_docente::4,,,2-s2.0-105014099823::investigador_docente::4,investigador_docente,desconocido,"Garcia Olaya, Yors Alexander"
FRAGMENTO::2-s2.0-105014099823::anio::5,FRAGMENTO,2-s2.0-105014099823::anio::5,,,2-s2.0-105014099823::anio::5,anio,desconocido,2025
FRAGMENTO::2-s2.0-105014099823::nombre_producto::6,FRAGMENTO,2-s2.0-105014099823::nombre_producto::6,,,2-s2.0-105014099823::nombre_producto::6,nombre_producto,en,"Enhancing medication adherence, depression, and values-based behaviors in HIV-positive individuals through acceptance and commitment therapy: A pilot study"
FRAGMENTO::2-s2.0-105014099823::resumen::7,FRAGMENTO,2-s2.0-105014099823::resumen::7,,,2-s2.0-105014099823::resumen::7,resumen,en,"This pilot study evaluated the impact of the Acceptance and Commitment Therapy (ACT) matrix on values-driven behaviors, medication adherence, viral load, and depression among individuals living with HIV in a middle-income country. A randomized, non-concurrent multiple baseline design across four participants was employed. Outcomes were assessed at baseline, post-intervention, and follow-up, with daily tracking of values-driven behaviors and medication adherence throughout. Participants underwent a 7-session ACT matrix training. Results revealed increases in values-driven behaviors and improvements in medication adherence across all participants. Viral loads decreased for three participants, with two achieving undetectable levels. Depression scores improved for three participants, with changes sustained through follow-up."
FRAGMENTO::2-s2.0-105014099823::resumen::8,FRAGMENTO,2-s2.0-105014099823::resumen::8,,,2-s2.0-105014099823::resumen::8,resumen,en,"Participants described the intervention as acceptable and relevant to addressing adherence barriers and mental health concerns. Findings underscore the potential for ACT to enhance antiretroviral adherence and psychological outcomes in middle-income countries, offering a scalable, culturally adaptable intervention for improving HIV care."
FRAGMENTO::2-s2.0-105014099823::palabras_clave::9,FRAGMENTO,2-s2.0-105014099823::palabras_clave::9,,,2-s2.0-105014099823::palabras_clave::9,palabras_clave,en,Acceptance and commitment therapy | ACT matrix | Depression | HIV | Medication adherence | Psychological flexibility | Values-based behavior
FRAGMENTO::2-s2.0-105014099823::nombre_revista_libro::10,FRAGMENTO,2-s2.0-105014099823::nombre_revista_libro::10,,,2-s2.0-105014099823::nombre_revista_libro::10,nombre_revista_libro,en,Journal of Contextual Behavioral Science
FRAGMENTO::2-s2.0-105014099823::fuente::11,FRAGMENTO,2-s2.0-105014099823::fuente::11,,,2-s2.0-105014099823::fuente::11,fuente,desconocido,Scopus | Google Scholar
FRAGMENTO::2-s2.0-105014099823::coautores::12,FRAGMENTO,2-s2.0-105014099823::coautores::12,,,2-s2.0-105014099823::coautores::12,coautores,desconocido,"Téllez, Mariana; García, Yors"
FRAGMENTO::2-s2.0-105014099823::afiliacion_coautores::13,FRAGMENTO,2-s2.0-105014099823::afiliacion_coautores::13,,,2-s2.0-105014099823::afiliacion_coautores::13,afiliacion_coautores,desconocido,Pontificia Universidad Javeriana; Hospital Universitario San Ignacio
FRAGMENTO::2-s2.0-105014099823::pais_coautores::14,FRAGMENTO,2-s2.0-105014099823::pais_coautores::14,,,2-s2.0-105014099823::pais_coautores::14,pais_coautores,desconocido,Colombia
FACULTAD::psicologia,FACULTAD,PSICOLOGÍA,,,,,,
"INVESTIGADOR::garcia olaya, yors alexander",INVESTIGADOR,"Garcia Olaya, Yors Alexander",,,,,,
PALABRA_CLAVE::acceptance and commitment therapy,PALABRA_CLAVE,Acceptance and commitment therapy,,,,,,
PALABRA_CLAVE::act matrix,PALABRA_CLAVE,ACT matrix,,,,,,
PALABRA_CLAVE::depression,PALABRA_CLAVE,Depression,,,,,,
PALABRA_CLAVE::hiv,PALABRA_CLAVE,HIV,,,,,,
PALABRA_CLAVE::medication adherence,PALABRA_CLAVE,Medication adherence,,,,,,
PALABRA_CLAVE::psychological flexibility,PALABRA_CLAVE,Psychological flexibility,,,,,,
PALABRA_CLAVE::values-based behavior,PALABRA_CLAVE,Values-based behavior,,,,,,
"COAUTOR::tellez, mariana",COAUTOR,"Téllez, Mariana",,,,,,
"COAUTOR::garcia, yors",COAUTOR,"García, Yors",,,,,,
AFILIACION::hospital universitario san ignacio,AFILIACION,Hospital Universitario San Ignacio,,,,,,
PROYECTO::2-s2.0-105020034198,PROYECTO,Development and Implementation of DIALOG+S in the School Setting as a Tool for Promoting Adolescent Mental Well-Being and Resilience in a Post–Armed Conflict Area in Colombia: Exploratory Cluster Randomized Controlled Trial,,2-s2.0-105020034198,,,,
FRAGMENTO::2-s2.0-105020034198::facultad::1,FRAGMENTO,2-s2.0-105020034198::facultad::1,,,2-s2.0-105020034198::facultad::1,facultad,desconocido,MEDICINA
FRAGMENTO::2-s2.0-105020034198::programa_creacion::2,FRAGMENTO,2-s2.0-105020034198::programa_creacion::2,,,2-s2.0-105020034198::programa_creacion::2,programa_creacion,desconocido,Visita Psiquiatria
FRAGMENTO::2-s2.0-105020034198::tipo_documental::3,FRAGMENTO,2-s2.0-105020034198::tipo_documental::3,,,2-s2.0-105020034198::tipo_documental::3,tipo_documental,desconocido,ARTICLE
FRAGMENTO::2-s2.0-105020034198::investigador_docente::4,FRAGMENTO,2-s2.0-105020034198::investigador_docente::4,,,2-s2.0-105020034198::investigador_docente::4,investigador_docente,desconocido,"Gomez Restrepo, Carlos"
FRAGMENTO::2-s2.0-105020034198::anio::5,FRAGMENTO,2-s2.0-105020034198::anio::5,,,2-s2.0-105020034198::anio::5,anio,desconocido,2023
FRAGMENTO::2-s2.0-105020034198::nombre_producto::6,FRAGMENTO,2-s2.0-105020034198::nombre_producto::6,,,2-s2.0-105020034198::nombre_producto::6,nombre_producto,en,Development and Implementation of DIALOG+S in the School Setting as a Tool for Promoting Adolescent Mental Well-Being and Resilience in a Post–Armed Conflict Area in Colombia: Exploratory Cluster Randomized Controlled Trial
FRAGMENTO::2-s2.0-105020034198::resumen::7,FRAGMENTO,2-s2.0-105020034198::resumen::7,,,2-s2.0-105020034198::resumen::7,resumen,en,"Background: Educational settings are ideal for promoting mental well-being and resilience in children. The challenges of the COVID-19 pandemic made evident the important role that teachers and school counselors play in the mental health of their students. Therefore, it is imperative to develop and implement cost-effective interventions that allow them to identify and address mental health problems early, especially in post–armed conflict areas, to reduce the burden of mental disorders in this population. Objective: This study aimed to adapt an existing patient-focused digital intervention called DIALOG+ from an adult clinical setting to an adolescent educational setting and to assess the feasibility, acceptability, and estimated effect of implementing this intervention as a tool for promoting quality of life, mental well-being, and resilience."
FRAGMENTO::2-s2.0-105020034198::resumen::8,FRAGMENTO,2-s2.0-105020034198::resumen::8,,,2-s2.0-105020034198::resumen::8,resumen,en,"Methods: We conducted an exploratory mixed methods study in 2 public schools in postconflict areas in Tolima, Colombia. This study was conducted in 3 phases. In the adaptation phase, focus groups were conducted with students and teachers to identify changes required in DIALOG+ for it to be used in the school setting. The exploration phase consisted of an exploratory cluster randomized controlled trial. A total of 14 clusters, each with 1 teacher and 5 students, were randomly allocated to either the experimental (DIALOG+S) group or to an active control group (counseling as usual). Teachers in both groups delivered the intervention once a month for 6 months. Through screening scales, information was collected on mental health symptoms, quality of life, self-esteem, resilience, and family functionality before and after the intervention."
FRAGMENTO::2-s2.0-105020034198::resumen::9,FRAGMENTO,2-s2.0-105020034198::resumen::9,,,2-s2.0-105020034198::resumen::9,resumen,en,"Finally, the consolidation phase explored the experiences of teachers and students with DIALOG+S using focus group discussions. Results: The changes suggested by participants in the adaptation phase highlighted the central importance of the school setting in the mental health of adolescents. In the exploratory phase, 70 participants with a mean age of 14.69 (SD 2.13) years were included. Changes observed in the screening scale scores of the intervention group suggest that the DIALOG+S intervention has the potential to improve aspects of mental health, especially quality of life, resilience, and emotional symptoms. The consolidation phase showed that stakeholders felt that using this intervention in the school setting was feasible, acceptable, and an enriching experience that generated changes in the perceived mental health and behavior of participants."
FRAGMENTO::2-s2.0-105020034198::resumen::10,FRAGMENTO,2-s2.0-105020034198::resumen::10,,,2-s2.0-105020034198::resumen::10,resumen,en,"Conclusions: Our results are encouraging and show that the DIALOG+S intervention is feasible and acceptable as a promising opportunity to promote well-being and prevent and identify mental health problems in the school context in a postconflict area in Colombia. Larger, fully powered studies are warranted to properly assess the efficacy and potential impact of the intervention and to refine implementation plans. Trial Registration: International Standard Randomised Controlled Trial Number (ISRCTN) registry ISRCTN14396374; https://www.isrctn.com/ISRCTN14396374"
FRAGMENTO::2-s2.0-105020034198::palabras_clave::11,FRAGMENTO,2-s2.0-105020034198::palabras_clave::11,,,2-s2.0-105020034198::palabras_clave::11,palabras_clave,desconocido,adolescents | armed conflict | DIALOG+ | DIALOG+S | digital intervention | mental health | mobile phone | psychosocial intervention | school
FRAGMENTO::2-s2.0-105020034198::nombre_revista_libro::12,FRAGMENTO,2-s2.0-105020034198::nombre_revista_libro::12,,,2-s2.0-105020034198::nombre_revista_libro::12,nombre_revista_libro,desconocido,Jmir Formative Research
FRAGMENTO::2-s2.0-105020034198::fuente::13,FRAGMENTO,2-s2.0-105020034198::fuente::13,,,2-s2.0-105020034198::fuente::13,fuente,desconocido,Scopus
FRAGMENTO::2-s2.0-105020034198::coautores::14,FRAGMENTO,2-s2.0-105020034198::coautores::14,,,2-s2.0-105020034198::coautores::14,coautores,desconocido,"Gómez-Restrepo, Carlos; Sarmiento-Suárez, María José; Alba-Saavedra, Magda; Calvo-Valderrama, Maria Gabriela; Rincón-Rodríguez, Carlos Javier; Bird, Victoria Jane; Priebe, Stefan; van Loggerenberg, Francois"
FRAGMENTO::2-s2.0-105020034198::afiliacion_coautores::15,FRAGMENTO,2-s2.0-105020034198::afiliacion_coautores::15,,,2-s2.0-105020034198::afiliacion_coautores::15,afiliacion_coautores,mixto,Barts and The London School of Medicine and Dentistry; Hospital Universitario San Ignacio; East London NHS Foundation Trust; Universidad Javeriana Facultad de Medicina
FRAGMENTO::2-s2.0-105020034198::pais_coautores::16,FRAGMENTO,2-s2.0-105020034198::pais_coautores::16,,,2-s2.0-105020034198::pais_coautores::16,pais_coautores,desconocido,United Kingdom; Colombia
FACULTAD::medicina,FACULTAD,MEDICINA,,,,,,
PROGRAMA::visita psiquiatria,PROGRAMA,Visita Psiquiatria,,,,,,
"INVESTIGADOR::gomez restrepo, carlos",INVESTIGADOR,"Gomez Restrepo, Carlos",,,,,,
PALABRA_CLAVE::adolescents,PALABRA_CLAVE,adolescents,,,,,,
PALABRA_CLAVE::armed conflict,PALABRA_CLAVE,armed conflict,,,,,,
PALABRA_CLAVE::dialog+,PALABRA_CLAVE,DIALOG+,,,,,,
PALABRA_CLAVE::dialog+s,PALABRA_CLAVE,DIALOG+S,,,,,,
PALABRA_CLAVE::digital intervention,PALABRA_CLAVE,digital intervention,,,,,,
PALABRA_CLAVE::mobile phone,PALABRA_CLAVE,mobile phone,,,,,,
PALABRA_CLAVE::psychosocial intervention,PALABRA_CLAVE,psychosocial intervention,,,,,,
PALABRA_CLAVE::school,PALABRA_CLAVE,school,,,,,,
"COAUTOR::sarmiento-suarez, maria jose",COAUTOR,"Sarmiento-Suárez, María José",,,,,,
"COAUTOR::alba-saavedra, magda",COAUTOR,"Alba-Saavedra, Magda",,,,,,
"COAUTOR::calvo-valderrama, maria gabriela",COAUTOR,"Calvo-Valderrama, Maria Gabriela",,,,,,
"COAUTOR::rincon-rodriguez, carlos javier",COAUTOR,"Rincón-Rodríguez, Carlos Javier",,,,,,
"COAUTOR::bird, victoria jane",COAUTOR,"Bird, Victoria Jane",,,,,,
"COAUTOR::priebe, stefan",COAUTOR,"Priebe, Stefan",,,,,,
"COAUTOR::van loggerenberg, francois",COAUTOR,"van Loggerenberg, Francois",,,,,,
AFILIACION::barts and the london school of medicine and dentistry,AFILIACION,Barts and The London School of Medicine and Dentistry,,,,,,
AFILIACION::east london nhs foundation trust,AFILIACION,East London NHS Foundation Trust,,,,,,
PAIS::united kingdom,PAIS,United Kingdom,,,,,,
PROYECTO::2-s2.0-85049317946,PROYECTO,Monitoring air pollution by combining a static infrastructure with a participatory sensing approach: Design and performance evaluation,,2-s2.0-85049317946,,,,
FRAGMENTO::2-s2.0-85049317946::facultad::1,FRAGMENTO,2-s2.0-85049317946::facultad::1,,,2-s2.0-85049317946::facultad::1,facultad,desconocido,INGENIERÍA
FRAGMENTO::2-s2.0-85049317946::programa_creacion::2,FRAGMENTO,2-s2.0-85049317946::programa_creacion::2,,,2-s2.0-85049317946::programa_creacion::2,programa_creacion,desconocido,Inge Abril
FRAGMENTO::2-s2.0-85049317946::tipo_documental::3,FRAGMENTO,2-s2.0-85049317946::tipo_documental::3,,,2-s2.0-85049317946::tipo_documental::3,tipo_documental,desconocido,ARTICLE
FRAGMENTO::2-s2.0-85049317946::investigador_docente::4,FRAGMENTO,2-s2.0-85049317946::investigador_docente::4,,,2-s2.0-85049317946::investigador_docente::4,investigador_docente,desconocido,"Colorado Montaño, Julian David"
FRAGMENTO::2-s2.0-85049317946::anio::5,FRAGMENTO,2-s2.0-85049317946::anio::5,,,2-s2.0-85049317946::anio::5,anio,desconocido,2018
FRAGMENTO::2-s2.0-85049317946::nombre_producto::6,FRAGMENTO,2-s2.0-85049317946::nombre_producto::6,,,2-s2.0-85049317946::nombre_producto::6,nombre_producto,en,Monitoring air pollution by combining a static infrastructure with a participatory sensing approach: Design and performance evaluation
FRAGMENTO::2-s2.0-85049317946::resumen::7,FRAGMENTO,2-s2.0-85049317946::resumen::7,,,2-s2.0-85049317946::resumen::7,resumen,en,"Participatory Sensing (PS) is a new fast-growing sensing approach that involves the participation of mobile phone users, and the corresponding communication infrastructure, to create a large-scale monitoring system. Using PS-based system makes it possible to measure and detect variables and events with an improvement in spatial and time resolution over traditional monitoring system. Pollution-Spots proposes an air pollution monitoring solution by means of using an infrastructure of fixed low-cost sensing devices, and reporting the measurements using a PS approach. The sensing devices acquire the variables and the pedestrian forwards this information, completing the cycle with no extra cost of data transport and/or human resources."
FRAGMENTO::2-s2.0-85049317946::resumen::8,FRAGMENTO,2-s2.0-85049317946::resumen::8,,,2-s2.0-85049317946::resumen::8,resumen,en,"However, including humans to the sensing loop, rises new challenges, such as protecting user private data, motivating user's participation, and reducing mobile phone's power consumption, all while maintaining the quality of the collected data. Pollution-Spots proposes a combined algorithm that protects the participant's private information and also implements a gamification technique to encourage the participation without any monetary reward. The proposed system has proven to be energy efficient when compared to similar approaches, with the additional benefit of considering the quality of the collected information, which is normally affected by privacy protection algorithms."
FRAGMENTO::2-s2.0-85049317946::palabras_clave::9,FRAGMENTO,2-s2.0-85049317946::palabras_clave::9,,,2-s2.0-85049317946::palabras_clave::9,palabras_clave,desconocido,Air pollution | Incentives | Participatory sensing | Privacy protection
FRAGMENTO::2-s2.0-85049317946::nombre_revista_libro::10,FRAGMENTO,2-s2.0-85049317946::nombre_revista_libro::10,,,2-s2.0-85049317946::nombre_revista_libro::10,nombre_revista_libro,en,International Journal of Sustainable Development and Planning
FRAGMENTO::2-s2.0-85049317946::fuente::11,FRAGMENTO,2-s2.0-85049317946::fuente::11,,,2-s2.0-85049317946::fuente::11,fuente,desconocido,Scopus | CvLAC
FRAGMENTO::2-s2.0-85049317946::coautores::12,FRAGMENTO,2-s2.0-85049317946::coautores::12,,,2-s2.0-85049317946::coautores::12,coautores,desconocido,"Mendez, Diego; Colorado, Julian; Rodriguez, Laura; Chacon, Andres; Hernandez, Mateo"
FRAGMENTO::2-s2.0-85049317946::afiliacion_coautores::13,FRAGMENTO,2-s2.0-85049317946::afiliacion_coautores::13,,,2-s2.0-85049317946::afiliacion_coautores::13,afiliacion_coautores,desconocido,Pontificia Universidad Javeriana
FRAGMENTO::2-s2.0-85049317946::pais_coautores::14,FRAGMENTO,2-s2.0-85049317946::pais_coautores::14,,,2-s2.0-85049317946::pais_coautores::14,pais_coautores,desconocido,Colombia
FRAGMENTO::2-s2.0-85049317946::financiadores::15,FRAGMENTO,2-s2.0-85049317946::financiadores::15,,,2-s2.0-85049317946::financiadores::15,financiadores,es,Universidad de la República Uruguay
PROGRAMA::inge abril,PROGRAMA,Inge Abril,,,,,,
"INVESTIGADOR::colorado montano, julian david",INVESTIGADOR,"Colorado Montaño, Julian David",,,,,,
PALABRA_CLAVE::air pollution,PALABRA_CLAVE,Air pollution,,,,,,
PALABRA_CLAVE::incentives,PALABRA_CLAVE,Incentives,,,,,,
PALABRA_CLAVE::participatory sensing,PALABRA_CLAVE,Participatory sensing,,,,,,
PALABRA_CLAVE::privacy protection,PALABRA_CLAVE,Privacy protection,,,,,,
"COAUTOR::mendez, diego",COAUTOR,"Mendez, Diego",,,,,,
"COAUTOR::colorado, julian",COAUTOR,"Colorado, Julian",,,,,,
"COAUTOR::rodriguez, laura",COAUTOR,"Rodriguez, Laura",,,,,,
"COAUTOR::chacon, andres",COAUTOR,"Chacon, Andres",,,,,,
"COAUTOR::hernandez, mateo",COAUTOR,"Hernandez, Mateo",,,,,,
FINANCIADOR::universidad de la republica uruguay,FINANCIADOR,Universidad de la República Uruguay,,,,,,
PROYECTO::2-s2.0-85131371279,PROYECTO,A nutritionally focused program for community-living older adults resulted in improved health and well-being,,2-s2.0-85131371279,,,,
FRAGMENTO::2-s2.0-85131371279::facultad::1,FRAGMENTO,2-s2.0-85131371279::facultad::1,,,2-s2.0-85131371279::facultad::1,facultad,desconocido,MEDICINA
FRAGMENTO::2-s2.0-85131371279::programa_creacion::2,FRAGMENTO,2-s2.0-85131371279::programa_creacion::2,,,2-s2.0-85131371279::programa_creacion::2,programa_creacion,desconocido,Mega Prime Medicina
FRAGMENTO::2-s2.0-85131371279::tipo_documental::3,FRAGMENTO,2-s2.0-85131371279::tipo_documental::3,,,2-s2.0-85131371279::tipo_documental::3,tipo_documental,desconocido,ARTICLE
FRAGMENTO::2-s2.0-85131371279::investigador_docente::4,FRAGMENTO,2-s2.0-85131371279::investigador_docente::4,,,2-s2.0-85131371279::investigador_docente::4,investigador_docente,desconocido,"Cano Gutierrez, Carlos Alberto"
FRAGMENTO::2-s2.0-85131371279::anio::5,FRAGMENTO,2-s2.0-85131371279::anio::5,,,2-s2.0-85131371279::anio::5,anio,desconocido,2022
FRAGMENTO::2-s2.0-85131371279::nombre_producto::6,FRAGMENTO,2-s2.0-85131371279::nombre_producto::6,,,2-s2.0-85131371279::nombre_producto::6,nombre_producto,en,A nutritionally focused program for community-living older adults resulted in improved health and well-being
FRAGMENTO::2-s2.0-85131371279::resumen::7,FRAGMENTO,2-s2.0-85131371279::resumen::7,,,2-s2.0-85131371279::resumen::7,resumen,en,"Objectives: Among older adults, malnutrition is common and is associated with increased risk for impaired health and functionality, conditions further associated with poorer quality of life. In this study of community-living older adults, our objective was to quantify outcome changes following identification and treatment of malnutrition or its risk. Design: Our intervention was a nutritional quality improvement program (QIP). The nutritional QIP included: (i) education of participants about the importance of complete and balanced macro- and micronutrient intake plus physical exercise, (ii) nutritional intervention with dietary counseling; and (iii) provision of oral nutritional supplements (ONS) for daily intake over 60 days. Follow-up measurements took place 30 days after ONS treatment ended, i.e., 90 days after start of intervention."
FRAGMENTO::2-s2.0-85131371279::resumen::8,FRAGMENTO,2-s2.0-85131371279::resumen::8,,,2-s2.0-85131371279::resumen::8,resumen,en,"Setting and participants: We recruited 618 transitional-care, chronically ill, older adults (>60 years) with malnutrition/risk (per Mini Nutrition Assessment-Short Form, MNA-SF) from the outpatient clinic of Hospital Universitario San Ignacio, in Bogotá, Colombia. Methods: For pre-post comparisons, we examined cognition (Mini-Mental State Exam, MMSE), physical abilities (Barthel Activities of Daily Living, ADL; Short Physical Performance Battery, SPPB), affective disorder status (Global Depression Scale, GDS), and quality of life (QoL; EuroQoL-5D-3L, EQ-5D-3L; EuroQoL-Visual Analog Scale, EQ-VAS). Results: Participants were mean age 74.1 ± 8.7 y, female majority (69.4%), and had an average of 2.6 comorbidities with cardiovascular and respiratory diseases predominant (28.5%)."
FRAGMENTO::2-s2.0-85131371279::resumen::9,FRAGMENTO,2-s2.0-85131371279::resumen::9,,,2-s2.0-85131371279::resumen::9,resumen,en,"QIP-based nutritional intervention led to significant improvements in cognitive (MMSE) and physical functions (ADL and SPPB), affective disorder status (GDS), and health-related quality of life (EQ-VAS); all differences (P < 0.001). Self-reported QoL (EQ-5D-3L) also improved. Conclusions and implications: Over 90 days, the nutritional QIP led to improvements in all measured outcomes, thus highlighting the importance of addressing malnutrition or its risk among community-living older adults. From a patient's perspective, maintaining mental and physical function are important and further linked with quality of life. Brief summary: For older, community-living adults, nutrition care can improve health and well-being outcomes. Care includes screening for malnutrition risk, dietary and exercise counseling, and daily nutritional supplements when needed."
FRAGMENTO::2-s2.0-85131371279::resumen::10,FRAGMENTO,2-s2.0-85131371279::resumen::10,,,2-s2.0-85131371279::resumen::10,resumen,desconocido,ClinicalTrials.gov Identifier: NCT04042987.
FRAGMENTO::2-s2.0-85131371279::palabras_clave::11,FRAGMENTO,2-s2.0-85131371279::palabras_clave::11,,,2-s2.0-85131371279::palabras_clave::11,palabras_clave,en,Activities of daily living | Functionality | Nutrition | Older adults | Oral nutritional supplement | Quality of life
FRAGMENTO::2-s2.0-85131371279::nombre_revista_libro::12,FRAGMENTO,2-s2.0-85131371279::nombre_revista_libro::12,,,2-s2.0-85131371279::nombre_revista_libro::12,nombre_revista_libro,desconocido,Clinical Nutrition
FRAGMENTO::2-s2.0-85131371279::fuente::13,FRAGMENTO,2-s2.0-85131371279::fuente::13,,,2-s2.0-85131371279::fuente::13,fuente,desconocido,Scopus
FRAGMENTO::2-s2.0-85131371279::coautores::14,FRAGMENTO,2-s2.0-85131371279::coautores::14,,,2-s2.0-85131371279::coautores::14,coautores,desconocido,"Gomez, Gabriel; Botero-Rodríguez, Felipe; Misas, Juan Diego; Garcia-Cifuentes, Elkin; Sulo, Suela; Brunton, Cory; Venegas-Sanabria, Luis Carlos; Gracia, Daniela Alejandra; Cano Gutierrez, Carlos Alberto"
FRAGMENTO::2-s2.0-85131371279::afiliacion_coautores::15,FRAGMENTO,2-s2.0-85131371279::afiliacion_coautores::15,,,2-s2.0-85131371279::afiliacion_coautores::15,afiliacion_coautores,es,"Hospital Universitario Mayor Méderi; Pontificia Universidad Javeriana; Universidad del Rosario; Hospital Universitario San Ignacio; Abbott Laboratories, Bogotá; Abbott Laboratories, Abbott Park; Abbott Laboratories, Columbus"
FRAGMENTO::2-s2.0-85131371279::pais_coautores::16,FRAGMENTO,2-s2.0-85131371279::pais_coautores::16,,,2-s2.0-85131371279::pais_coautores::16,pais_coautores,desconocido,Colombia; United States
FRAGMENTO::2-s2.0-85131371279::financiadores::17,FRAGMENTO,2-s2.0-85131371279::financiadores::17,,,2-s2.0-85131371279::financiadores::17,financiadores,desconocido,Abbott Laboratories
PROGRAMA::mega prime medicina,PROGRAMA,Mega Prime Medicina,,,,,,
"INVESTIGADOR::cano gutierrez, carlos alberto",INVESTIGADOR,"Cano Gutierrez, Carlos Alberto",,,,,,
PALABRA_CLAVE::activities of daily living,PALABRA_CLAVE,Activities of daily living,,,,,,
PALABRA_CLAVE::functionality,PALABRA_CLAVE,Functionality,,,,,,
PALABRA_CLAVE::nutrition,PALABRA_CLAVE,Nutrition,,,,,,
PALABRA_CLAVE::older adults,PALABRA_CLAVE,Older adults,,,,,,
PALABRA_CLAVE::oral nutritional supplement,PALABRA_CLAVE,Oral nutritional supplement,,,,,,
PALABRA_CLAVE::quality of life,PALABRA_CLAVE,Quality of life,,,,,,
"COAUTOR::gomez, gabriel",COAUTOR,"Gomez, Gabriel",,,,,,
"COAUTOR::botero-rodriguez, felipe",COAUTOR,"Botero-Rodríguez, Felipe",,,,,,
"COAUTOR::misas, juan diego",COAUTOR,"Misas, Juan Diego",,,,,,
"COAUTOR::garcia-cifuentes, elkin",COAUTOR,"Garcia-Cifuentes, Elkin",,,,,,
"COAUTOR::sulo, suela",COAUTOR,"Sulo, Suela",,,,,,
"COAUTOR::brunton, cory",COAUTOR,"Brunton, Cory",,,,,,
"COAUTOR::venegas-sanabria, luis carlos",COAUTOR,"Venegas-Sanabria, Luis Carlos",,,,,,
"COAUTOR::gracia, daniela alejandra",COAUTOR,"Gracia, Daniela Alejandra",,,,,,
"COAUTOR::cano gutierrez, carlos alberto",COAUTOR,"Cano Gutierrez, Carlos Alberto",,,,,,
AFILIACION::hospital universitario mayor mederi,AFILIACION,Hospital Universitario Mayor Méderi,,,,,,
AFILIACION::universidad del rosario,AFILIACION,Universidad del Rosario,,,,,,
"AFILIACION::abbott laboratories, bogota",AFILIACION,"Abbott Laboratories, Bogotá",,,,,,
"AFILIACION::abbott laboratories, abbott park",AFILIACION,"Abbott Laboratories, Abbott Park",,,,,,
"AFILIACION::abbott laboratories, columbus",AFILIACION,"Abbott Laboratories, Columbus",,,,,,
PAIS::united states,PAIS,United States,,,,,,
FINANCIADOR::abbott laboratories,FINANCIADOR,Abbott Laboratories,,,,,,
PROYECTO::2-s2.0-85213377303,PROYECTO,Software codesign between end users and developers to enhance utility for biodiversity conservation,,2-s2.0-85213377303,,,,
FRAGMENTO::2-s2.0-85213377303::facultad::1,FRAGMENTO,2-s2.0-85213377303::facultad::1,,,2-s2.0-85213377303::facultad::1,facultad,desconocido,ESTUDIOS AMBIENTALES Y RURALES
FRAGMENTO::2-s2.0-85213377303::programa_creacion::2,FRAGMENTO,2-s2.0-85213377303::programa_creacion::2,,,2-s2.0-85213377303::programa_creacion::2,programa_creacion,desconocido,Visita FEAR
FRAGMENTO::2-s2.0-85213377303::tipo_documental::3,FRAGMENTO,2-s2.0-85213377303::tipo_documental::3,,,2-s2.0-85213377303::tipo_documental::3,tipo_documental,desconocido,ARTICLE
FRAGMENTO::2-s2.0-85213377303::investigador_docente::4,FRAGMENTO,2-s2.0-85213377303::investigador_docente::4,,,2-s2.0-85213377303::investigador_docente::4,investigador_docente,desconocido,"Echeverry Galvis, María Angela"
FRAGMENTO::2-s2.0-85213377303::anio::5,FRAGMENTO,2-s2.0-85213377303::anio::5,,,2-s2.0-85213377303::anio::5,anio,desconocido,2024
FRAGMENTO::2-s2.0-85213377303::nombre_producto::6,FRAGMENTO,2-s2.0-85213377303::nombre_producto::6,,,2-s2.0-85213377303::nombre_producto::6,nombre_producto,en,Software codesign between end users and developers to enhance utility for biodiversity conservation
FRAGMENTO::2-s2.0-85213377303::resumen::7,FRAGMENTO,2-s2.0-85213377303::resumen::7,,,2-s2.0-85213377303::resumen::7,resumen,en,"Creating software tools that address the needs of a wide range of decision-makers requires the inclusion of differing perspectives throughout the development process. Software tools for biodiversity conservation often fall short in this regard, partly because broad decision-maker needs may exceed the toolkits of single research groups or even institutions. We show that participatory, collaborative codesign enhances the utility of software tools for better decision-making in biodiversity conservation planning, as demonstrated by our experiences developing a set of integrated tools in Colombia. Specifically, we undertook an interdisciplinary, multi-institutional collaboration of ecological modelers, software engineers, and a diverse profile of potential end users, including decision-makers, conservation practitioners, and biodiversity experts."
FRAGMENTO::2-s2.0-85213377303::resumen::8,FRAGMENTO,2-s2.0-85213377303::resumen::8,,,2-s2.0-85213377303::resumen::8,resumen,en,"We leveraged and modified common paradigms of software production, including codesign and agile development, to facilitate collaboration through all stages (including conceptualization, development, testing, and feedback) to ensure the accessibility and applicability of the new tools to inform decision-making for biodiversity conservation planning."
FRAGMENTO::2-s2.0-85213377303::palabras_clave::9,FRAGMENTO,2-s2.0-85213377303::palabras_clave::9,,,2-s2.0-85213377303::palabras_clave::9,palabras_clave,desconocido,applied ecology | biodiversity | biogeography | conservation | informatics
FRAGMENTO::2-s2.0-85213377303::nombre_revista_libro::10,FRAGMENTO,2-s2.0-85213377303::nombre_revista_libro::10,,,2-s2.0-85213377303::nombre_revista_libro::10,nombre_revista_libro,desconocido,Bioscience
FRAGMENTO::2-s2.0-85213377303::fuente::11,FRAGMENTO,2-s2.0-85213377303::fuente::11,,,2-s2.0-85213377303::fuente::11,fuente,desconocido,Scopus | Google Scholar
FRAGMENTO::2-s2.0-85213377303::coautores::12,FRAGMENTO,2-s2.0-85213377303::coautores::12,,,2-s2.0-85213377303::coautores::12,coautores,en,"Blair, Mary E.; Noguera-Urbano, Elkin A.; Ochoa-Quintero, Jose Manuel; Paz, Andrea; Lopez-Gallego, Cristina; Echeverry-Galvis, María Ángela; Zuloaga, Juan; Rodríguez, Pilar; Lemus-Mejia, Leonardo; Ersts, Peter; López-Lozano, Daniel F.; Aiello-Lammens, Matthew E.; Arango, Hector M.; Buitrago, Leonardo; Chang Triguero, Samuel; Cruz-Rodríguez, Cristian A.; Díaz-Nieto, Juan F.; Escobar, Dairo; Grisales-Betancur, Valentina; Johnson, Bethany A.; Kass, Jamie M.; Londoño-Murcia, María C.; Merow, Cory; Muñoz-Rodríguez, Carlos J.; Olaya-Rodríguez, María Helena; Parra, Juan L.; Pinilla-Buitrago, Gonzalo E.; Roach, Nicolette S.; Rojas-Soto, Octavio; Roncancio-Duque, Néstor; Suárez-Valencia, Erika; Urbina-Cardona, J. Nicolás; Velásquez-Tibatá, Jorge; Zapata-Martinez, Camilo A.; Anderson, Robert P."
FRAGMENTO::2-s2.0-85213377303::afiliacion_coautores::13,FRAGMENTO,2-s2.0-85213377303::afiliacion_coautores::13,,,2-s2.0-85213377303::afiliacion_coautores::13,afiliacion_coautores,mixto,"Université McGill; National Audubon Society; Instituto Amazónico de Investigaciones Científicas-Sinchi; Parque Nacional Natural Las Hermosas; Instituto de Ecología, A.C.; Texas A&M University; University of Connecticut; Tohoku University; The City University of New York; El Globo Nature Reserve; Universidad EAFIT; Universidad Nacional de Colombia; American Museum of Natural History; Instituto de Investigación de Recursos Biológicos Alexander von Humboldt; ETH Zürich; University of Montreal; Universidad de Antioquia; Pontificia Universidad Javeriana; Comisión Nacional para el Conocimiento y Uso de la Biodiversidad; ProCAT Colombia; Pace University; Global Biodiversity Information Facility; Independent Researcher"
FRAGMENTO::2-s2.0-85213377303::pais_coautores::14,FRAGMENTO,2-s2.0-85213377303::pais_coautores::14,,,2-s2.0-85213377303::pais_coautores::14,pais_coautores,desconocido,Canada; United States; Japan; Colombia; Mexico; Switzerland;
FRAGMENTO::2-s2.0-85213377303::financiadores::15,FRAGMENTO,2-s2.0-85213377303::financiadores::15,,,2-s2.0-85213377303::financiadores::15,financiadores,en,National Aeronautics and Space Administración | National Science Foundation
FACULTAD::estudios ambientales y rurales,FACULTAD,ESTUDIOS AMBIENTALES Y RURALES,,,,,,
PROGRAMA::visita fear,PROGRAMA,Visita FEAR,,,,,,
"INVESTIGADOR::echeverry galvis, maria angela",INVESTIGADOR,"Echeverry Galvis, María Angela",,,,,,
PALABRA_CLAVE::applied ecology,PALABRA_CLAVE,applied ecology,,,,,,
PALABRA_CLAVE::biodiversity,PALABRA_CLAVE,biodiversity,,,,,,
PALABRA_CLAVE::biogeography,PALABRA_CLAVE,biogeography,,,,,,
PALABRA_CLAVE::conservation,PALABRA_CLAVE,conservation,,,,,,
PALABRA_CLAVE::informatics,PALABRA_CLAVE,informatics,,,,,,
"COAUTOR::blair, mary e.",COAUTOR,"Blair, Mary E.",,,,,,
"COAUTOR::noguera-urbano, elkin a.",COAUTOR,"Noguera-Urbano, Elkin A.",,,,,,
"COAUTOR::ochoa-quintero, jose manuel",COAUTOR,"Ochoa-Quintero, Jose Manuel",,,,,,
"COAUTOR::paz, andrea",COAUTOR,"Paz, Andrea",,,,,,
"COAUTOR::lopez-gallego, cristina",COAUTOR,"Lopez-Gallego, Cristina",,,,,,
"COAUTOR::echeverry-galvis, maria angela",COAUTOR,"Echeverry-Galvis, María Ángela",,,,,,
"COAUTOR::zuloaga, juan",COAUTOR,"Zuloaga, Juan",,,,,,
"COAUTOR::rodriguez, pilar",COAUTOR,"Rodríguez, Pilar",,,,,,
"COAUTOR::lemus-mejia, leonardo",COAUTOR,"Lemus-Mejia, Leonardo",,,,,,
"COAUTOR::ersts, peter",COAUTOR,"Ersts, Peter",,,,,,
"COAUTOR::lopez-lozano, daniel f.",COAUTOR,"López-Lozano, Daniel F.",,,,,,
"COAUTOR::aiello-lammens, matthew e.",COAUTOR,"Aiello-Lammens, Matthew E.",,,,,,
"COAUTOR::arango, hector m.",COAUTOR,"Arango, Hector M.",,,,,,
"COAUTOR::buitrago, leonardo",COAUTOR,"Buitrago, Leonardo",,,,,,
"COAUTOR::chang triguero, samuel",COAUTOR,"Chang Triguero, Samuel",,,,,,
"COAUTOR::cruz-rodriguez, cristian a.",COAUTOR,"Cruz-Rodríguez, Cristian A.",,,,,,
"COAUTOR::diaz-nieto, juan f.",COAUTOR,"Díaz-Nieto, Juan F.",,,,,,
"COAUTOR::escobar, dairo",COAUTOR,"Escobar, Dairo",,,,,,
"COAUTOR::grisales-betancur, valentina",COAUTOR,"Grisales-Betancur, Valentina",,,,,,
"COAUTOR::johnson, bethany a.",COAUTOR,"Johnson, Bethany A.",,,,,,
"COAUTOR::kass, jamie m.",COAUTOR,"Kass, Jamie M.",,,,,,
"COAUTOR::londono-murcia, maria c.",COAUTOR,"Londoño-Murcia, María C.",,,,,,
"COAUTOR::merow, cory",COAUTOR,"Merow, Cory",,,,,,
"COAUTOR::munoz-rodriguez, carlos j.",COAUTOR,"Muñoz-Rodríguez, Carlos J.",,,,,,
"COAUTOR::olaya-rodriguez, maria helena",COAUTOR,"Olaya-Rodríguez, María Helena",,,,,,
"COAUTOR::parra, juan l.",COAUTOR,"Parra, Juan L.",,,,,,
"COAUTOR::pinilla-buitrago, gonzalo e.",COAUTOR,"Pinilla-Buitrago, Gonzalo E.",,,,,,
"COAUTOR::roach, nicolette s.",COAUTOR,"Roach, Nicolette S.",,,,,,
"COAUTOR::rojas-soto, octavio",COAUTOR,"Rojas-Soto, Octavio",,,,,,
"COAUTOR::roncancio-duque, nestor",COAUTOR,"Roncancio-Duque, Néstor",,,,,,
"COAUTOR::suarez-valencia, erika",COAUTOR,"Suárez-Valencia, Erika",,,,,,
"COAUTOR::urbina-cardona, j. nicolas",COAUTOR,"Urbina-Cardona, J. Nicolás",,,,,,
"COAUTOR::velasquez-tibata, jorge",COAUTOR,"Velásquez-Tibatá, Jorge",,,,,,
"COAUTOR::zapata-martinez, camilo a.",COAUTOR,"Zapata-Martinez, Camilo A.",,,,,,
"COAUTOR::anderson, robert p.",COAUTOR,"Anderson, Robert P.",,,,,,
AFILIACION::universite mcgill,AFILIACION,Université McGill,,,,,,
AFILIACION::national audubon society,AFILIACION,National Audubon Society,,,,,,
AFILIACION::instituto amazonico de investigaciones cientificas-sinchi,AFILIACION,Instituto Amazónico de Investigaciones Científicas-Sinchi,,,,,,
AFILIACION::parque nacional natural las hermosas,AFILIACION,Parque Nacional Natural Las Hermosas,,,,,,
"AFILIACION::instituto de ecologia, a.c.",AFILIACION,"Instituto de Ecología, A.C.",,,,,,
AFILIACION::texas a&m university,AFILIACION,Texas A&M University,,,,,,
AFILIACION::university of connecticut,AFILIACION,University of Connecticut,,,,,,
AFILIACION::tohoku university,AFILIACION,Tohoku University,,,,,,
AFILIACION::the city university of new york,AFILIACION,The City University of New York,,,,,,
AFILIACION::el globo nature reserve,AFILIACION,El Globo Nature Reserve,,,,,,
AFILIACION::universidad eafit,AFILIACION,Universidad EAFIT,,,,,,
AFILIACION::universidad nacional de colombia,AFILIACION,Universidad Nacional de Colombia,,,,,,
AFILIACION::american museum of natural history,AFILIACION,American Museum of Natural History,,,,,,
AFILIACION::instituto de investigacion de recursos biologicos alexander von humboldt,AFILIACION,Instituto de Investigación de Recursos Biológicos Alexander von Humboldt,,,,,,
AFILIACION::eth zurich,AFILIACION,ETH Zürich,,,,,,
AFILIACION::university of montreal,AFILIACION,University of Montreal,,,,,,
AFILIACION::universidad de antioquia,AFILIACION,Universidad de Antioquia,,,,,,
AFILIACION::comision nacional para el conocimiento y uso de la biodiversidad,AFILIACION,Comisión Nacional para el Conocimiento y Uso de la Biodiversidad,,,,,,
AFILIACION::procat colombia,AFILIACION,ProCAT Colombia,,,,,,
AFILIACION::pace university,AFILIACION,Pace University,,,,,,
AFILIACION::global biodiversity information facility,AFILIACION,Global Biodiversity Information Facility,,,,,,
AFILIACION::independent researcher,AFILIACION,Independent Researcher,,,,,,
PAIS::canada,PAIS,Canada,,,,,,
PAIS::japan,PAIS,Japan,,,,,,
PAIS::mexico,PAIS,Mexico,,,,,,
PAIS::switzerland,PAIS,Switzerland,,,,,,
FINANCIADOR::national aeronautics and space administracion,FINANCIADOR,National Aeronautics and Space Administración,,,,,,
FINANCIADOR::national science foundation,FINANCIADOR,National Science Foundation,,,,,,
PROYECTO::2-s2.0-85213954883,PROYECTO,Estudia: A Recommendation System for Higher Education Career Choice,,2-s2.0-85213954883,,,,
FRAGMENTO::2-s2.0-85213954883::facultad::1,FRAGMENTO,2-s2.0-85213954883::facultad::1,,,2-s2.0-85213954883::facultad::1,facultad,desconocido,INGENIERÍA
FRAGMENTO::2-s2.0-85213954883::programa_creacion::2,FRAGMENTO,2-s2.0-85213954883::programa_creacion::2,,,2-s2.0-85213954883::programa_creacion::2,programa_creacion,desconocido,Inge Arte
FRAGMENTO::2-s2.0-85213954883::tipo_documental::3,FRAGMENTO,2-s2.0-85213954883::tipo_documental::3,,,2-s2.0-85213954883::tipo_documental::3,tipo_documental,desconocido,CONFERENCE PAPER
FRAGMENTO::2-s2.0-85213954883::investigador_docente::4,FRAGMENTO,2-s2.0-85213954883::investigador_docente::4,,,2-s2.0-85213954883::investigador_docente::4,investigador_docente,desconocido,"Pavlich Mariscal, Jaime Andres"
FRAGMENTO::2-s2.0-85213954883::anio::5,FRAGMENTO,2-s2.0-85213954883::anio::5,,,2-s2.0-85213954883::anio::5,anio,desconocido,2024
FRAGMENTO::2-s2.0-85213954883::nombre_producto::6,FRAGMENTO,2-s2.0-85213954883::nombre_producto::6,,,2-s2.0-85213954883::nombre_producto::6,nombre_producto,en,Estudia: A Recommendation System for Higher Education Career Choice
FRAGMENTO::2-s2.0-85213954883::resumen::7,FRAGMENTO,2-s2.0-85213954883::resumen::7,,,2-s2.0-85213954883::resumen::7,resumen,en,"This paper presents a mobile application, called Estudia, to establish a closer connection between higher education institutions and individuals, considering their social and territorial context, interests, and skills. This application is expected to serve as a professional guidance tool for Colombians students interested in enrolling in technical academic programs. Estudia utilizes user information to suggest programs near their place of residence, providing a personalized offer that suits their specific characteristics and needs. This paper describes Estudia's User Model tailored to the students' characteristics and contexts, and academic programs. This paper also describes the design and implementation of the application in a functional prototype, along with tests and validations conducted with real users."
FRAGMENTO::2-s2.0-85213954883::nombre_revista_libro::8,FRAGMENTO,2-s2.0-85213954883::nombre_revista_libro::8,,,2-s2.0-85213954883::nombre_revista_libro::8,nombre_revista_libro,en,Communications in Computer and Information Science
FRAGMENTO::2-s2.0-85213954883::fuente::9,FRAGMENTO,2-s2.0-85213954883::fuente::9,,,2-s2.0-85213954883::fuente::9,fuente,desconocido,Scopus
FRAGMENTO::2-s2.0-85213954883::coautores::10,FRAGMENTO,2-s2.0-85213954883::coautores::10,,,2-s2.0-85213954883::coautores::10,coautores,en,"Paez-Ramos, Miguel A.; Carrillo-Ramos, Angela; Pavlich-Mariscal, Jaime A."
FRAGMENTO::2-s2.0-85213954883::afiliacion_coautores::11,FRAGMENTO,2-s2.0-85213954883::afiliacion_coautores::11,,,2-s2.0-85213954883::afiliacion_coautores::11,afiliacion_coautores,desconocido,Pontificia Universidad Javeriana
FRAGMENTO::2-s2.0-85213954883::pais_coautores::12,FRAGMENTO,2-s2.0-85213954883::pais_coautores::12,,,2-s2.0-85213954883::pais_coautores::12,pais_coautores,desconocido,Colombia
PROGRAMA::inge arte,PROGRAMA,Inge Arte,,,,,,
"COAUTOR::paez-ramos, miguel a.",COAUTOR,"Paez-Ramos, Miguel A.",,,,,,
"COAUTOR::carrillo-ramos, angela",COAUTOR,"Carrillo-Ramos, Angela",,,,,,
PROYECTO::titulo_anio:modelo de referencia para la deteccion de eventos de contaminacion industrial basado en una red de sensores [a reference model for detection of industrial pollution events based on a sensors network|2016,PROYECTO,Modelo de referencia para la detección de eventos de contaminación industrial basado en una red de sensores [A reference model for detection of industrial pollution events based on a sensors network,,titulo_anio:modelo de referencia para la deteccion de eventos de contaminacion industrial basado en una red de sensores [a reference model for detection of industrial pollution events based on a sensors network|2016,,,,
FRAGMENTO::titulo_anio:modelo de referencia para la deteccion de eventos de contaminacion industrial basado en una red de sensores [a reference model for detection of industrial pollution events based on a sensors network|2016::facultad::1,FRAGMENTO,titulo_anio:modelo de referencia para la deteccion de eventos de contaminacion industrial basado en una red de sensores [a reference model for detection of industrial pollution events based on a sensors network|2016::facultad::1,,,titulo_anio:modelo de referencia para la deteccion de eventos de contaminacion industrial basado en una red de sensores [a reference model for detection of industrial pollution events based on a sensors network|2016::facultad::1,facultad,desconocido,INGENIERÍA
FRAGMENTO::titulo_anio:modelo de referencia para la deteccion de eventos de contaminacion industrial basado en una red de sensores [a reference model for detection of industrial pollution events based on a sensors network|2016::programa_creacion::2,FRAGMENTO,titulo_anio:modelo de referencia para la deteccion de eventos de contaminacion industrial basado en una red de sensores [a reference model for detection of industrial pollution events based on a sensors network|2016::programa_creacion::2,,,titulo_anio:modelo de referencia para la deteccion de eventos de contaminacion industrial basado en una red de sensores [a reference model for detection of industrial pollution events based on a sensors network|2016::programa_creacion::2,programa_creacion,desconocido,Inge Arte
FRAGMENTO::titulo_anio:modelo de referencia para la deteccion de eventos de contaminacion industrial basado en una red de sensores [a reference model for detection of industrial pollution events based on a sensors network|2016::tipo_documental::3,FRAGMENTO,titulo_anio:modelo de referencia para la deteccion de eventos de contaminacion industrial basado en una red de sensores [a reference model for detection of industrial pollution events based on a sensors network|2016::tipo_documental::3,,,titulo_anio:modelo de referencia para la deteccion de eventos de contaminacion industrial basado en una red de sensores [a reference model for detection of industrial pollution events based on a sensors network|2016::tipo_documental::3,tipo_documental,desconocido,ARTÍCULO
FRAGMENTO::titulo_anio:modelo de referencia para la deteccion de eventos de contaminacion industrial basado en una red de sensores [a reference model for detection of industrial pollution events based on a sensors network|2016::investigador_docente::4,FRAGMENTO,titulo_anio:modelo de referencia para la deteccion de eventos de contaminacion industrial basado en una red de sensores [a reference model for detection of industrial pollution events based on a sensors network|2016::investigador_docente::4,,,titulo_anio:modelo de referencia para la deteccion de eventos de contaminacion industrial basado en una red de sensores [a reference model for detection of industrial pollution events based on a sensors network|2016::investigador_docente::4,investigador_docente,desconocido,"Ruiz Garcia, Edgar Enrique"
FRAGMENTO::titulo_anio:modelo de referencia para la deteccion de eventos de contaminacion industrial basado en una red de sensores [a reference model for detection of industrial pollution events based on a sensors network|2016::anio::5,FRAGMENTO,titulo_anio:modelo de referencia para la deteccion de eventos de contaminacion industrial basado en una red de sensores [a reference model for detection of industrial pollution events based on a sensors network|2016::anio::5,,,titulo_anio:modelo de referencia para la deteccion de eventos de contaminacion industrial basado en una red de sensores [a reference model for detection of industrial pollution events based on a sensors network|2016::anio::5,anio,desconocido,2016
FRAGMENTO::titulo_anio:modelo de referencia para la deteccion de eventos de contaminacion industrial basado en una red de sensores [a reference model for detection of industrial pollution events based on a sensors network|2016::nombre_producto::6,FRAGMENTO,titulo_anio:modelo de referencia para la deteccion de eventos de contaminacion industrial basado en una red de sensores [a reference model for detection of industrial pollution events based on a sensors network|2016::nombre_producto::6,,,titulo_anio:modelo de referencia para la deteccion de eventos de contaminacion industrial basado en una red de sensores [a reference model for detection of industrial pollution events based on a sensors network|2016::nombre_producto::6,nombre_producto,mixto,Modelo de referencia para la detección de eventos de contaminación industrial basado en una red de sensores [A reference model for detection of industrial pollution events based on a sensors network
FRAGMENTO::titulo_anio:modelo de referencia para la deteccion de eventos de contaminacion industrial basado en una red de sensores [a reference model for detection of industrial pollution events based on a sensors network|2016::resumen::7,FRAGMENTO,titulo_anio:modelo de referencia para la deteccion de eventos de contaminacion industrial basado en una red de sensores [a reference model for detection of industrial pollution events based on a sensors network|2016::resumen::7,,,titulo_anio:modelo de referencia para la deteccion de eventos de contaminacion industrial basado en una red de sensores [a reference model for detection of industrial pollution events based on a sensors network|2016::resumen::7,resumen,mixto,"La contaminación industrial es un aspecto que está afectando en forma importante la sostenibilidad del planeta. Para poder manejar la contaminación, el primer paso es detectarla tan pronto como ésta ocurra, de ahí la importancia de la recolección oportuna de datos. Actualmente la tecnología nos da un gran soporte para esta tarea porque se cuenta con redes de sensores que, al estar en el ambiente, permiten recolectar grandes cantidades de datos. Si estos datos son procesados de forma adecuada, pueden ayudar en la detección temprana de focos de contaminación. No obstante, hay que enfrentar el problema de manejar de forma efectiva una gran cantidad de datos provenientes de dispositivos heterogéneos, que incluyen tanto a los sensores tradicionales o motas de las redes inalámbricas de sensores, como a los sensores ubicados en teléfonos inteligentes."
FRAGMENTO::titulo_anio:modelo de referencia para la deteccion de eventos de contaminacion industrial basado en una red de sensores [a reference model for detection of industrial pollution events based on a sensors network|2016::resumen::8,FRAGMENTO,titulo_anio:modelo de referencia para la deteccion de eventos de contaminacion industrial basado en una red de sensores [a reference model for detection of industrial pollution events based on a sensors network|2016::resumen::8,,,titulo_anio:modelo de referencia para la deteccion de eventos de contaminacion industrial basado en una red de sensores [a reference model for detection of industrial pollution events based on a sensors network|2016::resumen::8,resumen,mixto,"El manejo de esta heterogeneidad motivó a diseñar un modelo de referencia que sirviera de guía para realizar las funciones de detección, almacenamiento, procesamiento y visualización/publicación de los datos, usando las tecnologías más adecuadas. La idea es que este modelo de referencia pueda posteriormente ser instanciado con componentes de hardware y software específicos, que respondan a las necesidades de determinadas empresas o entes gubernamentales, interesados en tomar acciones preventivas o correctivas sobre la contaminación ambiental. En este artículo se presenta el modelo de referencia propuesto y se describe un prototipo que instancia este modelo. El prototipo desarrollado está enfocado en la medición de la contaminación auditiva en una empresa del sector automotriz en Bogotá."
FRAGMENTO::titulo_anio:modelo de referencia para la deteccion de eventos de contaminacion industrial basado en una red de sensores [a reference model for detection of industrial pollution events based on a sensors network|2016::resumen::9,FRAGMENTO,titulo_anio:modelo de referencia para la deteccion de eventos de contaminacion industrial basado en una red de sensores [a reference model for detection of industrial pollution events based on a sensors network|2016::resumen::9,,,titulo_anio:modelo de referencia para la deteccion de eventos de contaminacion industrial basado en una red de sensores [a reference model for detection of industrial pollution events based on a sensors network|2016::resumen::9,resumen,mixto,"La información obtenida con el prototipo fue utilizada para tomar medidas preventivas para el control de focos de contaminación auditiva por parte de la empresa. Industrial pollution is significantly affecting the sustainability of the planet. A data collection process allows us to review the contamination levels, and take actions in a timely manner. Nowadays wireless sensor networks support the collection of large amounts of environmental data. If these data are properly processed, they can be used in the detection of pollution sources, and in the design of preventive -or corrective- strategies to deal with it. However, this requires to effectively manage large amount of data obtained from heterogeneous devices, including not only data from traditional sensors or motes of wireless sensor networks, but also from sensors within Smartphones."
FRAGMENTO::titulo_anio:modelo de referencia para la deteccion de eventos de contaminacion industrial basado en una red de sensores [a reference model for detection of industrial pollution events based on a sensors network|2016::resumen::10,FRAGMENTO,titulo_anio:modelo de referencia para la deteccion de eventos de contaminacion industrial basado en una red de sensores [a reference model for detection of industrial pollution events based on a sensors network|2016::resumen::10,,,titulo_anio:modelo de referencia para la deteccion de eventos de contaminacion industrial basado en una red de sensores [a reference model for detection of industrial pollution events based on a sensors network|2016::resumen::10,resumen,en,"In order to handle this heterogeneity, we design a reference model that serves as a guide to combine the technologies of storage, processing and presentation of the data. This model can then be instantiated with specific hardware and software components that meet the needs of companies or government agencies interested in dealing with environmental pollution. In this article, the proposed reference model is presented, in conjunction with a prototype that can be used to solve problems of noise pollution in an automotive company located in Bogota."
FRAGMENTO::titulo_anio:modelo de referencia para la deteccion de eventos de contaminacion industrial basado en una red de sensores [a reference model for detection of industrial pollution events based on a sensors network|2016::palabras_clave::11,FRAGMENTO,titulo_anio:modelo de referencia para la deteccion de eventos de contaminacion industrial basado en una red de sensores [a reference model for detection of industrial pollution events based on a sensors network|2016::palabras_clave::11,,,titulo_anio:modelo de referencia para la deteccion de eventos de contaminacion industrial basado en una red de sensores [a reference model for detection of industrial pollution events based on a sensors network|2016::palabras_clave::11,palabras_clave,es,Redes inalámbricas de sensores | Teléfonos inteligentes | Monitorización | Minería de datos | Contaminación industrial | Wireless sensor networks | Smartphones | Monitoring | Data mining | Industrial pollution
FRAGMENTO::titulo_anio:modelo de referencia para la deteccion de eventos de contaminacion industrial basado en una red de sensores [a reference model for detection of industrial pollution events based on a sensors network|2016::nombre_revista_libro::12,FRAGMENTO,titulo_anio:modelo de referencia para la deteccion de eventos de contaminacion industrial basado en una red de sensores [a reference model for detection of industrial pollution events based on a sensors network|2016::nombre_revista_libro::12,,,titulo_anio:modelo de referencia para la deteccion de eventos de contaminacion industrial basado en una red de sensores [a reference model for detection of industrial pollution events based on a sensors network|2016::nombre_revista_libro::12,nombre_revista_libro,desconocido,Revista GTI
FRAGMENTO::titulo_anio:modelo de referencia para la deteccion de eventos de contaminacion industrial basado en una red de sensores [a reference model for detection of industrial pollution events based on a sensors network|2016::fuente::13,FRAGMENTO,titulo_anio:modelo de referencia para la deteccion de eventos de contaminacion industrial basado en una red de sensores [a reference model for detection of industrial pollution events based on a sensors network|2016::fuente::13,,,titulo_anio:modelo de referencia para la deteccion de eventos de contaminacion industrial basado en una red de sensores [a reference model for detection of industrial pollution events based on a sensors network|2016::fuente::13,fuente,desconocido,CvLAC
FRAGMENTO::titulo_anio:modelo de referencia para la deteccion de eventos de contaminacion industrial basado en una red de sensores [a reference model for detection of industrial pollution events based on a sensors network|2016::coautores::14,FRAGMENTO,titulo_anio:modelo de referencia para la deteccion de eventos de contaminacion industrial basado en una red de sensores [a reference model for detection of industrial pollution events based on a sensors network|2016::coautores::14,,,titulo_anio:modelo de referencia para la deteccion de eventos de contaminacion industrial basado en una red de sensores [a reference model for detection of industrial pollution events based on a sensors network|2016::coautores::14,coautores,desconocido,"Acevedo-Moreno, J. M.; Ruiz-García, E. E.; González-García, R. H.; Curiel-Huerfano, M. J."
FRAGMENTO::titulo_anio:modelo de referencia para la deteccion de eventos de contaminacion industrial basado en una red de sensores [a reference model for detection of industrial pollution events based on a sensors network|2016::afiliacion_coautores::15,FRAGMENTO,titulo_anio:modelo de referencia para la deteccion de eventos de contaminacion industrial basado en una red de sensores [a reference model for detection of industrial pollution events based on a sensors network|2016::afiliacion_coautores::15,,,titulo_anio:modelo de referencia para la deteccion de eventos de contaminacion industrial basado en una red de sensores [a reference model for detection of industrial pollution events based on a sensors network|2016::afiliacion_coautores::15,afiliacion_coautores,desconocido,Pontificia Universidad Javeriana; Universidad Sergio Arboleda
FRAGMENTO::titulo_anio:modelo de referencia para la deteccion de eventos de contaminacion industrial basado en una red de sensores [a reference model for detection of industrial pollution events based on a sensors network|2016::pais_coautores::16,FRAGMENTO,titulo_anio:modelo de referencia para la deteccion de eventos de contaminacion industrial basado en una red de sensores [a reference model for detection of industrial pollution events based on a sensors network|2016::pais_coautores::16,,,titulo_anio:modelo de referencia para la deteccion de eventos de contaminacion industrial basado en una red de sensores [a reference model for detection of industrial pollution events based on a sensors network|2016::pais_coautores::16,pais_coautores,desconocido,Colombia
"INVESTIGADOR::ruiz garcia, edgar enrique",INVESTIGADOR,"Ruiz Garcia, Edgar Enrique",,,,,,
PALABRA_CLAVE::redes inalambricas de sensores,PALABRA_CLAVE,Redes inalámbricas de sensores,,,,,,
PALABRA_CLAVE::telefonos inteligentes,PALABRA_CLAVE,Teléfonos inteligentes,,,,,,
PALABRA_CLAVE::monitorizacion,PALABRA_CLAVE,Monitorización,,,,,,
PALABRA_CLAVE::mineria de datos,PALABRA_CLAVE,Minería de datos,,,,,,
PALABRA_CLAVE::contaminacion industrial,PALABRA_CLAVE,Contaminación industrial,,,,,,
PALABRA_CLAVE::wireless sensor networks,PALABRA_CLAVE,Wireless sensor networks,,,,,,
PALABRA_CLAVE::smartphones,PALABRA_CLAVE,Smartphones,,,,,,
PALABRA_CLAVE::monitoring,PALABRA_CLAVE,Monitoring,,,,,,
PALABRA_CLAVE::data mining,PALABRA_CLAVE,Data mining,,,,,,
PALABRA_CLAVE::industrial pollution,PALABRA_CLAVE,Industrial pollution,,,,,,
"COAUTOR::acevedo-moreno, j. m.",COAUTOR,"Acevedo-Moreno, J. M.",,,,,,
"COAUTOR::ruiz-garcia, e. e.",COAUTOR,"Ruiz-García, E. E.",,,,,,
"COAUTOR::gonzalez-garcia, r. h.",COAUTOR,"González-García, R. H.",,,,,,
"COAUTOR::curiel-huerfano, m. j.",COAUTOR,"Curiel-Huerfano, M. J.",,,,,,
AFILIACION::universidad sergio arboleda,AFILIACION,Universidad Sergio Arboleda,,,,,,
PROYECTO::2-s2.0-85107701593,PROYECTO,Is a cloud-based platform useful for diabetes management in Colombia? The Tidepool experience,,2-s2.0-85107701593,,,,
FRAGMENTO::2-s2.0-85107701593::facultad::1,FRAGMENTO,2-s2.0-85107701593::facultad::1,,,2-s2.0-85107701593::facultad::1,facultad,desconocido,MEDICINA
FRAGMENTO::2-s2.0-85107701593::programa_creacion::2,FRAGMENTO,2-s2.0-85107701593::programa_creacion::2,,,2-s2.0-85107701593::programa_creacion::2,programa_creacion,desconocido,Mega Prime Medicina
FRAGMENTO::2-s2.0-85107701593::tipo_documental::3,FRAGMENTO,2-s2.0-85107701593::tipo_documental::3,,,2-s2.0-85107701593::tipo_documental::3,tipo_documental,desconocido,ARTICLE
FRAGMENTO::2-s2.0-85107701593::investigador_docente::4,FRAGMENTO,2-s2.0-85107701593::investigador_docente::4,,,2-s2.0-85107701593::investigador_docente::4,investigador_docente,desconocido,"Gomez Medina, Ana Maria"
FRAGMENTO::2-s2.0-85107701593::anio::5,FRAGMENTO,2-s2.0-85107701593::anio::5,,,2-s2.0-85107701593::anio::5,anio,desconocido,2021
FRAGMENTO::2-s2.0-85107701593::nombre_producto::6,FRAGMENTO,2-s2.0-85107701593::nombre_producto::6,,,2-s2.0-85107701593::nombre_producto::6,nombre_producto,en,Is a cloud-based platform useful for diabetes management in Colombia? The Tidepool experience
FRAGMENTO::2-s2.0-85107701593::resumen::7,FRAGMENTO,2-s2.0-85107701593::resumen::7,,,2-s2.0-85107701593::resumen::7,resumen,en,"Background: There are several medical devices used in Colombia for diabetes management, most of which have an associated telemedicine platform to access the data. In this work, we present the results of a pilot study evaluating the use of the Tidepool telemedicine platform for providing remote diabetes health services in Colombia across multiple devices. Method: Individuals with Type 1 and Type 2 diabetes using multiple diabetes devices were recruited to evaluate the user experience with Tidepool over three months. Two endocrinologists used the Tidepool software to maintain a weekly communication with participants reviewing the devices data remotely. Demographic, clinical, psychological and usability data were collected at several stages of the study. Results: Six participants, from ten at the baseline (five MDI and five CSII), completed this pilot study."
FRAGMENTO::2-s2.0-85107701593::resumen::8,FRAGMENTO,2-s2.0-85107701593::resumen::8,,,2-s2.0-85107701593::resumen::8,resumen,en,"Three different diabetes devices were employed by the participants: a glucose meter (Abbot), an intermittently-scanned glucose monitor (Abbot), and an insulin pump (Medtronic). A score of 81.3 in the system usability scale revealed that overall, most participants found the system easy to use, especially the web interface. The system also compared highly favourably against the proprietary platforms. The ability to upload and share data and communicate remotely with the clinicians was raised consistently by participants. Clinicians cited the lockdown imposed by the Covid-19 pandemic as a valuable test for this platform. Inability to upload data from mobile devices was identified as one of the main limitations. Conclusion: Tidepool has the potential to be used as a tool to facilitate remote diabetes care in Colombia."
FRAGMENTO::2-s2.0-85107701593::resumen::9,FRAGMENTO,2-s2.0-85107701593::resumen::9,,,2-s2.0-85107701593::resumen::9,resumen,en,"Users, both participants and clinicians, agreed to recommend the use of platforms like Tidepool to achieve better disease management and communication with the health care team. Some improvements were identified to enhance the user experience."
FRAGMENTO::2-s2.0-85107701593::palabras_clave::10,FRAGMENTO,2-s2.0-85107701593::palabras_clave::10,,,2-s2.0-85107701593::palabras_clave::10,palabras_clave,desconocido,Colombia | Diabetes management | eHealth | Telemedicine | Usability study
FRAGMENTO::2-s2.0-85107701593::nombre_revista_libro::11,FRAGMENTO,2-s2.0-85107701593::nombre_revista_libro::11,,,2-s2.0-85107701593::nombre_revista_libro::11,nombre_revista_libro,en,Computer Methods and Programs in Biomedicine
FRAGMENTO::2-s2.0-85107701593::fuente::12,FRAGMENTO,2-s2.0-85107701593::fuente::12,,,2-s2.0-85107701593::fuente::12,fuente,desconocido,Scopus | CvLAC
FRAGMENTO::2-s2.0-85107701593::coautores::13,FRAGMENTO,2-s2.0-85107701593::coautores::13,,,2-s2.0-85107701593::coautores::13,coautores,desconocido,"León-Vargas, Fabian; Martin, Clare; Garcia-Jaramillo, Maira; Aldea, Arantza; Leal, Yenny; Herrero, Pau; Reyes, Angie; Henao, Diana; Gomez, Ana María"
FRAGMENTO::2-s2.0-85107701593::afiliacion_coautores::14,FRAGMENTO,2-s2.0-85107701593::afiliacion_coautores::14,,,2-s2.0-85107701593::afiliacion_coautores::14,afiliacion_coautores,es,Institut d'Investigació Biomèdica de Girona Dr. Josep Trueta; Universidad EAN; Universidad Antonio Nariño; Hospital Universitario San Ignacio; Imperial College London; Oxford Brookes University
FRAGMENTO::2-s2.0-85107701593::pais_coautores::15,FRAGMENTO,2-s2.0-85107701593::pais_coautores::15,,,2-s2.0-85107701593::pais_coautores::15,pais_coautores,desconocido,Spain; Colombia; United Kingdom
FRAGMENTO::2-s2.0-85107701593::financiadores::16,FRAGMENTO,2-s2.0-85107701593::financiadores::16,,,2-s2.0-85107701593::financiadores::16,financiadores,desconocido,Global Challenges Research Fund Networking Grant Scheme
"INVESTIGADOR::gomez medina, ana maria",INVESTIGADOR,"Gomez Medina, Ana Maria",,,,,,
PALABRA_CLAVE::colombia,PALABRA_CLAVE,Colombia,,,,,,
PALABRA_CLAVE::diabetes management,PALABRA_CLAVE,Diabetes management,,,,,,
PALABRA_CLAVE::usability study,PALABRA_CLAVE,Usability study,,,,,,
"COAUTOR::leon-vargas, fabian",COAUTOR,"León-Vargas, Fabian",,,,,,
"COAUTOR::martin, clare",COAUTOR,"Martin, Clare",,,,,,
"COAUTOR::garcia-jaramillo, maira",COAUTOR,"Garcia-Jaramillo, Maira",,,,,,
"COAUTOR::aldea, arantza",COAUTOR,"Aldea, Arantza",,,,,,
"COAUTOR::leal, yenny",COAUTOR,"Leal, Yenny",,,,,,
"COAUTOR::herrero, pau",COAUTOR,"Herrero, Pau",,,,,,
"COAUTOR::reyes, angie",COAUTOR,"Reyes, Angie",,,,,,
"COAUTOR::henao, diana",COAUTOR,"Henao, Diana",,,,,,
"COAUTOR::gomez, ana maria",COAUTOR,"Gomez, Ana María",,,,,,
AFILIACION::institut d'investigacio biomedica de girona dr. josep trueta,AFILIACION,Institut d'Investigació Biomèdica de Girona Dr. Josep Trueta,,,,,,
AFILIACION::universidad ean,AFILIACION,Universidad EAN,,,,,,
AFILIACION::universidad antonio narino,AFILIACION,Universidad Antonio Nariño,,,,,,
AFILIACION::imperial college london,AFILIACION,Imperial College London,,,,,,
AFILIACION::oxford brookes university,AFILIACION,Oxford Brookes University,,,,,,
PAIS::spain,PAIS,Spain,,,,,,
FINANCIADOR::global challenges research fund networking grant scheme,FINANCIADOR,Global Challenges Research Fund Networking Grant Scheme,,,,,,
