origen,destino,tipo_relacion,peso,score_semantico,campo_origen
"INDICADOR::el proyecto incorpora enfoques interdisciplinarios o transdisciplinarios tanto en el planteamiento del problema como en los metodos, tipos de analisis y perspectivas conceptuales utilizadas.",CATEGORIA_INDICADOR::condiciones_colaboracion,PERTENECE_A,1.0,,
INDICADOR::el proyecto cuenta con la participacion activa y significativa de actores externos (academicos y/o no academicos) en distintas etapas del proceso investigativo.,CATEGORIA_INDICADOR::condiciones_colaboracion,PERTENECE_A,1.0,,
"INDICADOR::nivel de participacion efectiva de actores de la comunidad, estado, sociedad o empresa en la formulacion, ejecucion y evaluacion del proyecto.",CATEGORIA_INDICADOR::condiciones_colaboracion,PERTENECE_A,1.0,,
INDICADOR::el proyecto establece mecanismos para el dialogo de saberes entre actores academicos y otros actores sociales.,CATEGORIA_INDICADOR::apropiacion_social,PERTENECE_A,1.0,,
"INDICADOR::la solucion generada por el proyecto es usada, adaptada, replicada o sostenida por la comunidad, territorio o entidad beneficiaria.",CATEGORIA_INDICADOR::apropiacion_social,PERTENECE_A,1.0,,
"INDICADOR::los materiales y productos entregados son pertinentes, comprensibles, de alta calidad y valorados positivamente por los grupos de interes.",CATEGORIA_INDICADOR::apropiacion_social,PERTENECE_A,1.0,,
INDICADOR::el proyecto desarrolla productos y estrategias eficaces para comunicar el conocimiento generado a publicos no especializados.,CATEGORIA_INDICADOR::divulgacion,PERTENECE_A,1.0,,
"INDICADOR::numero de productos (comunicados, articulos, blogs, libros, videos, material para redes sociales, entre otros) disenados y utilizados para comunicar los resultados del proyecto a publicos diversos.",CATEGORIA_INDICADOR::divulgacion,PERTENECE_A,1.0,,
INDICADOR::numero de menciones en medios de comunicacion y redes sociales de los hallazgos del proyecto.,CATEGORIA_INDICADOR::divulgacion,PERTENECE_A,1.0,,
"INDICADOR::nivel en que los resultados, metodologias o saberes generados por el proyecto son difundidos en formatos comprensibles, abiertos y reutilizables, y en que dichos materiales son efectivamente consultados y aprovechados por publicos diversos.",CATEGORIA_INDICADOR::divulgacion,PERTENECE_A,1.0,,
INDICADOR::numero de espacios publicos promovidos por el proyecto para debatir la problematica investigativa y social mas alla del ambito academico.,CATEGORIA_INDICADOR::divulgacion,PERTENECE_A,1.0,,
"INDICADOR::el proyecto fortalece procesos de construccion, preservacion y revitalizacion de la memoria e identidad cultural en comunidades o territorios.",CATEGORIA_INDICADOR::impacto_mas_alla_academia,PERTENECE_A,1.0,,
"INDICADOR::el proyecto promueve la conservacion, valorizacion o enriquecimiento del patrimonio cultural, ya sea material o inmaterial.",CATEGORIA_INDICADOR::impacto_mas_alla_academia,PERTENECE_A,1.0,,
INDICADOR::mejora en la calidad de vida o bienestar atribuida al proyecto.,CATEGORIA_INDICADOR::impacto_mas_alla_academia,PERTENECE_A,1.0,,
"INDICADOR::el proyecto contribuye a consolidar redes de colaboracion y alianzas entre comunidades, organizaciones e instituciones.",CATEGORIA_INDICADOR::impacto_mas_alla_academia,PERTENECE_A,1.0,,
"INDICADOR::el proyecto contribuyo a enfrentar desigualdades, exclusion o injusticia, promoviendo justicia social, equidad, inclusion y respeto a los derechos humanos.",CATEGORIA_INDICADOR::impacto_mas_alla_academia,PERTENECE_A,1.0,,
INDICADOR::numero de beneficiarios directos e indirectos.,CATEGORIA_INDICADOR::impacto_mas_alla_academia,PERTENECE_A,1.0,,
INDICADOR::el proyecto desarrolla productos tecnologicos con participacion de actores no academicos o sectores aplicados.,CATEGORIA_INDICADOR::impacto_mas_alla_academia,PERTENECE_A,1.0,,
INDICADOR::el proyecto incluye procesos participativos de validacion tecnologica con usuarios reales.,CATEGORIA_INDICADOR::impacto_mas_alla_academia,PERTENECE_A,1.0,,
INDICADOR::los resultados tecnologicos son desarrollados con potencial de comercializacion.,CATEGORIA_INDICADOR::impacto_mas_alla_academia,PERTENECE_A,1.0,,
INDICADOR::el proyecto utiliza tecnologia para maximizar el impacto positivo en comunidades o actores destinatarios.,CATEGORIA_INDICADOR::impacto_mas_alla_academia,PERTENECE_A,1.0,,
INDICADOR::el proyecto genera desarrollos tecnologicos originales con aplicacion demostrada fuera del ambito academico.,CATEGORIA_INDICADOR::impacto_mas_alla_academia,PERTENECE_A,1.0,,
INDICADOR::el proyecto aplica tecnologias preexistentes de forma novedosa y contextualizada para resolver problemas locales.,CATEGORIA_INDICADOR::impacto_mas_alla_academia,PERTENECE_A,1.0,,
"INDICADOR::las soluciones tecnologicas generadas por el proyecto son adoptadas, adaptadas o sostenidas por actores de interes externos a la academia.",CATEGORIA_INDICADOR::impacto_mas_alla_academia,PERTENECE_A,1.0,,
"INDICADOR::el proyecto genera ingresos adicionales mediante la implementacion, validacion o comercializacion de procesos, metodologias o productos nuevos o mejorados.",CATEGORIA_INDICADOR::impacto_mas_alla_academia,PERTENECE_A,1.0,,
INDICADOR::el proyecto logra reducir costos en procesos organizativos o productivos mediante la implementacion de mejoras o innovaciones.,CATEGORIA_INDICADOR::impacto_mas_alla_academia,PERTENECE_A,1.0,,
INDICADOR::el proyecto genera nuevas oportunidades laborales directas o indirectas.,CATEGORIA_INDICADOR::impacto_mas_alla_academia,PERTENECE_A,1.0,,
INDICADOR::el proyecto fortalece o consolida eslabones clave de la cadena productiva y/o de suministros estrategicos.,CATEGORIA_INDICADOR::impacto_mas_alla_academia,PERTENECE_A,1.0,,
INDICADOR::el proyecto contribuye a mejorar practicas productivas sostenibles en los sectores o territorios involucrados.,CATEGORIA_INDICADOR::impacto_mas_alla_academia,PERTENECE_A,1.0,,
"INDICADOR::el proyecto impulsa el crecimiento economico de los grupos de interes (medido en tir, ingresos, calidad de vida, etc.).",CATEGORIA_INDICADOR::impacto_mas_alla_academia,PERTENECE_A,1.0,,
INDICADOR::el proyecto promueve capacidades productivas mediante la creacion de redes colaborativas o estrategias de economia solidaria.,CATEGORIA_INDICADOR::impacto_mas_alla_academia,PERTENECE_A,1.0,,
"INDICADOR::el proyecto desarrolla soluciones ambientales asociadas a servicios ecosistemicos, biodiversidad o sostenibilidad ambiental.",CATEGORIA_INDICADOR::impacto_mas_alla_academia,PERTENECE_A,1.0,,
"INDICADOR::el proyecto genera mejoras sostenibles en el entorno ambiental, economico y social de los grupos de interes.",CATEGORIA_INDICADOR::impacto_mas_alla_academia,PERTENECE_A,1.0,,
INDICADOR::el proyecto fortalece el bienestar fisico y mental de la poblacion.,CATEGORIA_INDICADOR::impacto_mas_alla_academia,PERTENECE_A,1.0,,
INDICADOR::el proyecto contribuye a prevenir riesgos en salud publica.,CATEGORIA_INDICADOR::impacto_mas_alla_academia,PERTENECE_A,1.0,,
INDICADOR::el proyecto implementa acciones orientadas a mejorar la calidad de vida de personas en situacion de discapacidad.,CATEGORIA_INDICADOR::impacto_mas_alla_academia,PERTENECE_A,1.0,,
INDICADOR::el proyecto desarrolla intervenciones que contribuyeron a disminuir tasas de mortalidad en poblaciones especificas.,CATEGORIA_INDICADOR::impacto_mas_alla_academia,PERTENECE_A,1.0,,
INDICADOR::el proyecto fomenta el dialogo y la integracion entre medicina occidental y tradicional/ancestral.,CATEGORIA_INDICADOR::impacto_mas_alla_academia,PERTENECE_A,1.0,,
INDICADOR::el proyecto fortalece estrategias participativas de cuidado implementadas por distintos actores sociales.,CATEGORIA_INDICADOR::impacto_mas_alla_academia,PERTENECE_A,1.0,,
"INDICADOR::el proyecto facilita la participacion activa de los grupos de interes en procesos de formulacion, monitoreo o evaluacion de politicas publicas o iniciativas de ciencia ciudadana.",CATEGORIA_INDICADOR::impacto_mas_alla_academia,PERTENECE_A,1.0,,
"INDICADOR::numero de documentos oficiales (politica publica, leyes, regulaciones o decisiones judiciales) que citan resultados del proyecto.",CATEGORIA_INDICADOR::impacto_mas_alla_academia,PERTENECE_A,1.0,,
INDICADOR::numero de politicas publicas o programas gubernamentales modificados o implementados con base en hallazgos del proyecto.,CATEGORIA_INDICADOR::impacto_mas_alla_academia,PERTENECE_A,1.0,,
"INDICADOR::numero de manuales, herramientas o metodologias derivadas del proyecto y adoptadas por entidades estatales.",CATEGORIA_INDICADOR::impacto_mas_alla_academia,PERTENECE_A,1.0,,
INDICADOR::numero de participaciones del equipo del proyecto en audiencias legislativas o judiciales.,CATEGORIA_INDICADOR::impacto_mas_alla_academia,PERTENECE_A,1.0,,
INDICADOR::el proyecto implica colaboracion efectiva con entidades publicas o actores sociales en la formulacion o evaluacion de politicas.,CATEGORIA_INDICADOR::impacto_mas_alla_academia,PERTENECE_A,1.0,,
INDICADOR::numero de informes tecnicos o documentos de politica generados desde el proyecto y entregados a entidades gubernamentales.,CATEGORIA_INDICADOR::impacto_mas_alla_academia,PERTENECE_A,1.0,,
"INDICADOR::numero de seminarios, talleres o capacitaciones organizadas para funcionarios publicos basadas en el proyecto.",CATEGORIA_INDICADOR::impacto_mas_alla_academia,PERTENECE_A,1.0,,
"INDICADOR::numero de redes relacionadas con politicas publicas en las que el proyecto ha participado o contribuido a crear, conformadas por actores de diversos sectores.",CATEGORIA_INDICADOR::impacto_mas_alla_academia,PERTENECE_A,1.0,,
PROYECTO::2-s2.0-105005783887,FRAGMENTO::2-s2.0-105005783887::facultad::1,CONTIENE,1.0,,
PROYECTO::2-s2.0-105005783887,FRAGMENTO::2-s2.0-105005783887::programa_creacion::2,CONTIENE,1.0,,
PROYECTO::2-s2.0-105005783887,FRAGMENTO::2-s2.0-105005783887::tipo_documental::3,CONTIENE,1.0,,
PROYECTO::2-s2.0-105005783887,FRAGMENTO::2-s2.0-105005783887::investigador_docente::4,CONTIENE,1.0,,
PROYECTO::2-s2.0-105005783887,FRAGMENTO::2-s2.0-105005783887::anio::5,CONTIENE,1.0,,
PROYECTO::2-s2.0-105005783887,FRAGMENTO::2-s2.0-105005783887::nombre_producto::6,CONTIENE,1.0,,
PROYECTO::2-s2.0-105005783887,FRAGMENTO::2-s2.0-105005783887::resumen::7,CONTIENE,1.0,,
PROYECTO::2-s2.0-105005783887,FRAGMENTO::2-s2.0-105005783887::resumen::8,CONTIENE,1.0,,
PROYECTO::2-s2.0-105005783887,FRAGMENTO::2-s2.0-105005783887::resumen::9,CONTIENE,1.0,,
PROYECTO::2-s2.0-105005783887,FRAGMENTO::2-s2.0-105005783887::resumen::10,CONTIENE,1.0,,
PROYECTO::2-s2.0-105005783887,FRAGMENTO::2-s2.0-105005783887::resumen::11,CONTIENE,1.0,,
PROYECTO::2-s2.0-105005783887,FRAGMENTO::2-s2.0-105005783887::palabras_clave::12,CONTIENE,1.0,,
PROYECTO::2-s2.0-105005783887,FRAGMENTO::2-s2.0-105005783887::nombre_revista_libro::13,CONTIENE,1.0,,
PROYECTO::2-s2.0-105005783887,FRAGMENTO::2-s2.0-105005783887::fuente::14,CONTIENE,1.0,,
PROYECTO::2-s2.0-105005783887,FRAGMENTO::2-s2.0-105005783887::coautores::15,CONTIENE,1.0,,
PROYECTO::2-s2.0-105005783887,FRAGMENTO::2-s2.0-105005783887::afiliacion_coautores::16,CONTIENE,1.0,,
PROYECTO::2-s2.0-105005783887,FRAGMENTO::2-s2.0-105005783887::pais_coautores::17,CONTIENE,1.0,,
PROYECTO::2-s2.0-105005783887,FACULTAD::ingenieria,PERTENECE_FACULTAD,0.35,,
PROYECTO::2-s2.0-105005783887,PROGRAMA::inge26,PERTENECE_PROGRAMA,0.4,,
PROYECTO::2-s2.0-105005783887,"INVESTIGADOR::pavlich mariscal, jaime andres",TIENE_INVESTIGADOR,0.65,,
PROYECTO::2-s2.0-105005783887,PALABRA_CLAVE::community-based participatory research,TIENE_PALABRA_CLAVE,0.7,,
PROYECTO::2-s2.0-105005783887,PALABRA_CLAVE::ehealth,TIENE_PALABRA_CLAVE,0.7,,
PROYECTO::2-s2.0-105005783887,PALABRA_CLAVE::help seeking,TIENE_PALABRA_CLAVE,0.7,,
PROYECTO::2-s2.0-105005783887,PALABRA_CLAVE::latin america,TIENE_PALABRA_CLAVE,0.7,,
PROYECTO::2-s2.0-105005783887,PALABRA_CLAVE::low- and middle-income countries,TIENE_PALABRA_CLAVE,0.7,,
PROYECTO::2-s2.0-105005783887,PALABRA_CLAVE::medical informatics,TIENE_PALABRA_CLAVE,0.7,,
PROYECTO::2-s2.0-105005783887,PALABRA_CLAVE::mental health,TIENE_PALABRA_CLAVE,0.7,,
PROYECTO::2-s2.0-105005783887,PALABRA_CLAVE::patient participation,TIENE_PALABRA_CLAVE,0.7,,
PROYECTO::2-s2.0-105005783887,PALABRA_CLAVE::patient satisfaction,TIENE_PALABRA_CLAVE,0.7,,
PROYECTO::2-s2.0-105005783887,PALABRA_CLAVE::telemedicine,TIENE_PALABRA_CLAVE,0.7,,
PROYECTO::2-s2.0-105005783887,"COAUTOR::ospina-pinillos, laura",TIENE_COAUTOR,0.65,,
PROYECTO::2-s2.0-105005783887,"COAUTOR::shambo-rodriguez, debora l.",TIENE_COAUTOR,0.65,,
PROYECTO::2-s2.0-105005783887,"COAUTOR::sanchez-nitola, monica natali",TIENE_COAUTOR,0.65,,
PROYECTO::2-s2.0-105005783887,"COAUTOR::morales, alexandra",TIENE_COAUTOR,0.65,,
PROYECTO::2-s2.0-105005783887,"COAUTOR::gallego-sanchez, laura c.",TIENE_COAUTOR,0.65,,
PROYECTO::2-s2.0-105005783887,"COAUTOR::riano-fonseca, maria isabel",TIENE_COAUTOR,0.65,,
PROYECTO::2-s2.0-105005783887,"COAUTOR::bello-tocancipa, andrea carolina",TIENE_COAUTOR,0.65,,
PROYECTO::2-s2.0-105005783887,"COAUTOR::navarro-mancilla, alvaro",TIENE_COAUTOR,0.65,,
PROYECTO::2-s2.0-105005783887,"COAUTOR::pavlich-mariscal, jaime a.",TIENE_COAUTOR,0.65,,
PROYECTO::2-s2.0-105005783887,"COAUTOR::pomares-quimbaya, alexandra",TIENE_COAUTOR,0.65,,
PROYECTO::2-s2.0-105005783887,"COAUTOR::gomez-restrepo, carlos",TIENE_COAUTOR,0.65,,
PROYECTO::2-s2.0-105005783887,"COAUTOR::hickie, ian b.",TIENE_COAUTOR,0.65,,
PROYECTO::2-s2.0-105005783887,"COAUTOR::occhipinti, jo an",TIENE_COAUTOR,0.65,,
PROYECTO::2-s2.0-105005783887,AFILIACION::faculty of medicine and health,AFILIACION_RELACIONADA,0.55,,
PROYECTO::2-s2.0-105005783887,AFILIACION::pontificia universidad javeriana,AFILIACION_RELACIONADA,0.55,,
PROYECTO::2-s2.0-105005783887,AFILIACION::universidad javeriana facultad de medicina,AFILIACION_RELACIONADA,0.55,,
PROYECTO::2-s2.0-105005783887,AFILIACION::computer simulation & advanced research technologies (csart),AFILIACION_RELACIONADA,0.55,,
PROYECTO::2-s2.0-105005783887,AFILIACION::keralty medical centers,AFILIACION_RELACIONADA,0.55,,
PROYECTO::2-s2.0-105005783887,AFILIACION::medicalnet sas,AFILIACION_RELACIONADA,0.55,,
PROYECTO::2-s2.0-105005783887,PAIS::australia,PAIS_RELACIONADO,0.1,,
PROYECTO::2-s2.0-105005783887,PAIS::colombia,PAIS_RELACIONADO,0.1,,
FRAGMENTO::2-s2.0-105005783887::nombre_producto::6,INDICADOR::el proyecto fortalece el bienestar fisico y mental de la poblacion.,EVIDENCIA_CANDIDATA_DE,0.529028,0.529028,nombre_producto
FRAGMENTO::2-s2.0-105005783887::nombre_producto::6,"INDICADOR::el proyecto incorpora enfoques interdisciplinarios o transdisciplinarios tanto en el planteamiento del problema como en los metodos, tipos de analisis y perspectivas conceptuales utilizadas.",EVIDENCIA_CANDIDATA_DE,0.522887,0.522887,nombre_producto
FRAGMENTO::2-s2.0-105005783887::nombre_producto::6,INDICADOR::el proyecto fortalece estrategias participativas de cuidado implementadas por distintos actores sociales.,EVIDENCIA_CANDIDATA_DE,0.49968,0.49968,nombre_producto
FRAGMENTO::2-s2.0-105005783887::resumen::7,INDICADOR::el proyecto fortalece el bienestar fisico y mental de la poblacion.,EVIDENCIA_CANDIDATA_DE,0.548309,0.548309,resumen
FRAGMENTO::2-s2.0-105005783887::resumen::7,INDICADOR::el proyecto implementa acciones orientadas a mejorar la calidad de vida de personas en situacion de discapacidad.,EVIDENCIA_CANDIDATA_DE,0.48905,0.48905,resumen
FRAGMENTO::2-s2.0-105005783887::resumen::7,INDICADOR::el proyecto fortalece estrategias participativas de cuidado implementadas por distintos actores sociales.,EVIDENCIA_CANDIDATA_DE,0.459936,0.459936,resumen
FRAGMENTO::2-s2.0-105005783887::resumen::8,INDICADOR::el proyecto incluye procesos participativos de validacion tecnologica con usuarios reales.,EVIDENCIA_CANDIDATA_DE,0.628831,0.628831,resumen
FRAGMENTO::2-s2.0-105005783887::resumen::8,"INDICADOR::nivel en que los resultados, metodologias o saberes generados por el proyecto son difundidos en formatos comprensibles, abiertos y reutilizables, y en que dichos materiales son efectivamente consultados y aprovechados por publicos diversos.",EVIDENCIA_CANDIDATA_DE,0.524928,0.524928,resumen
FRAGMENTO::2-s2.0-105005783887::resumen::8,"INDICADOR::el proyecto incorpora enfoques interdisciplinarios o transdisciplinarios tanto en el planteamiento del problema como en los metodos, tipos de analisis y perspectivas conceptuales utilizadas.",EVIDENCIA_CANDIDATA_DE,0.49135,0.49135,resumen
FRAGMENTO::2-s2.0-105005783887::resumen::9,INDICADOR::el proyecto incluye procesos participativos de validacion tecnologica con usuarios reales.,EVIDENCIA_CANDIDATA_DE,0.452889,0.452889,resumen
FRAGMENTO::2-s2.0-105005783887::palabras_clave::12,INDICADOR::el proyecto fortalece estrategias participativas de cuidado implementadas por distintos actores sociales.,EVIDENCIA_CANDIDATA_DE,0.642145,0.642145,palabras_clave
FRAGMENTO::2-s2.0-105005783887::palabras_clave::12,"INDICADOR::el proyecto contribuye a consolidar redes de colaboracion y alianzas entre comunidades, organizaciones e instituciones.",EVIDENCIA_CANDIDATA_DE,0.561092,0.561092,palabras_clave
FRAGMENTO::2-s2.0-105005783887::palabras_clave::12,INDICADOR::el proyecto fortalece el bienestar fisico y mental de la poblacion.,EVIDENCIA_CANDIDATA_DE,0.558455,0.558455,palabras_clave
PROYECTO::2-s2.0-105014027137,FRAGMENTO::2-s2.0-105014027137::facultad::1,CONTIENE,1.0,,
PROYECTO::2-s2.0-105014027137,FRAGMENTO::2-s2.0-105014027137::programa_creacion::2,CONTIENE,1.0,,
PROYECTO::2-s2.0-105014027137,FRAGMENTO::2-s2.0-105014027137::tipo_documental::3,CONTIENE,1.0,,
PROYECTO::2-s2.0-105014027137,FRAGMENTO::2-s2.0-105014027137::investigador_docente::4,CONTIENE,1.0,,
PROYECTO::2-s2.0-105014027137,FRAGMENTO::2-s2.0-105014027137::anio::5,CONTIENE,1.0,,
PROYECTO::2-s2.0-105014027137,FRAGMENTO::2-s2.0-105014027137::nombre_producto::6,CONTIENE,1.0,,
PROYECTO::2-s2.0-105014027137,FRAGMENTO::2-s2.0-105014027137::resumen::7,CONTIENE,1.0,,
PROYECTO::2-s2.0-105014027137,FRAGMENTO::2-s2.0-105014027137::resumen::8,CONTIENE,1.0,,
PROYECTO::2-s2.0-105014027137,FRAGMENTO::2-s2.0-105014027137::palabras_clave::9,CONTIENE,1.0,,
PROYECTO::2-s2.0-105014027137,FRAGMENTO::2-s2.0-105014027137::nombre_revista_libro::10,CONTIENE,1.0,,
PROYECTO::2-s2.0-105014027137,FRAGMENTO::2-s2.0-105014027137::fuente::11,CONTIENE,1.0,,
PROYECTO::2-s2.0-105014027137,FRAGMENTO::2-s2.0-105014027137::coautores::12,CONTIENE,1.0,,
PROYECTO::2-s2.0-105014027137,FRAGMENTO::2-s2.0-105014027137::afiliacion_coautores::13,CONTIENE,1.0,,
PROYECTO::2-s2.0-105014027137,FRAGMENTO::2-s2.0-105014027137::pais_coautores::14,CONTIENE,1.0,,
PROYECTO::2-s2.0-105014027137,FACULTAD::vicerrectoria de investigacion,PERTENECE_FACULTAD,0.35,,
PROYECTO::2-s2.0-105014027137,PROGRAMA::tanda mega prime,PERTENECE_PROGRAMA,0.4,,
PROYECTO::2-s2.0-105014027137,"INVESTIGADOR::florez florez, maria juliana",TIENE_INVESTIGADOR,0.65,,
PROYECTO::2-s2.0-105014027137,PALABRA_CLAVE::critical video games,TIENE_PALABRA_CLAVE,0.7,,
PROYECTO::2-s2.0-105014027137,PALABRA_CLAVE::feminist pedagogy,TIENE_PALABRA_CLAVE,0.7,,
PROYECTO::2-s2.0-105014027137,PALABRA_CLAVE::participatory design,TIENE_PALABRA_CLAVE,0.7,,
PROYECTO::2-s2.0-105014027137,PALABRA_CLAVE::sexual harassment,TIENE_PALABRA_CLAVE,0.7,,
PROYECTO::2-s2.0-105014027137,PALABRA_CLAVE::video game design,TIENE_PALABRA_CLAVE,0.7,,
PROYECTO::2-s2.0-105014027137,"COAUTOR::torres-parra, carlos roberto",TIENE_COAUTOR,0.65,,
PROYECTO::2-s2.0-105014027137,"COAUTOR::florez-florez, maria juliana",TIENE_COAUTOR,0.65,,
PROYECTO::2-s2.0-105014027137,"COAUTOR::cuervo, roberto",TIENE_COAUTOR,0.65,,
PROYECTO::2-s2.0-105014027137,"COAUTOR::ramirez-perez, omar fernando",TIENE_COAUTOR,0.65,,
PROYECTO::2-s2.0-105014027137,"COAUTOR::fonseca, oscar",TIENE_COAUTOR,0.65,,
PROYECTO::2-s2.0-105014027137,AFILIACION::pontificia universidad javeriana,AFILIACION_RELACIONADA,0.55,,
PROYECTO::2-s2.0-105014027137,PAIS::colombia,PAIS_RELACIONADO,0.1,,
FRAGMENTO::2-s2.0-105014027137::resumen::7,"INDICADOR::el proyecto contribuyo a enfrentar desigualdades, exclusion o injusticia, promoviendo justicia social, equidad, inclusion y respeto a los derechos humanos.",EVIDENCIA_CANDIDATA_DE,0.457409,0.457409,resumen
FRAGMENTO::2-s2.0-105014027137::resumen::7,INDICADOR::el proyecto cuenta con la participacion activa y significativa de actores externos (academicos y/o no academicos) en distintas etapas del proceso investigativo.,EVIDENCIA_CANDIDATA_DE,0.451995,0.451995,resumen
FRAGMENTO::2-s2.0-105014027137::resumen::7,INDICADOR::el proyecto establece mecanismos para el dialogo de saberes entre actores academicos y otros actores sociales.,EVIDENCIA_CANDIDATA_DE,0.443337,0.443337,resumen
FRAGMENTO::2-s2.0-105014027137::resumen::8,INDICADOR::el proyecto utiliza tecnologia para maximizar el impacto positivo en comunidades o actores destinatarios.,EVIDENCIA_CANDIDATA_DE,0.512778,0.512778,resumen
FRAGMENTO::2-s2.0-105014027137::resumen::8,INDICADOR::el proyecto cuenta con la participacion activa y significativa de actores externos (academicos y/o no academicos) en distintas etapas del proceso investigativo.,EVIDENCIA_CANDIDATA_DE,0.498452,0.498452,resumen
FRAGMENTO::2-s2.0-105014027137::resumen::8,"INDICADOR::la solucion generada por el proyecto es usada, adaptada, replicada o sostenida por la comunidad, territorio o entidad beneficiaria.",EVIDENCIA_CANDIDATA_DE,0.485781,0.485781,resumen
PROYECTO::2-s2.0-105014099823,FRAGMENTO::2-s2.0-105014099823::facultad::1,CONTIENE,1.0,,
PROYECTO::2-s2.0-105014099823,FRAGMENTO::2-s2.0-105014099823::programa_creacion::2,CONTIENE,1.0,,
PROYECTO::2-s2.0-105014099823,FRAGMENTO::2-s2.0-105014099823::tipo_documental::3,CONTIENE,1.0,,
PROYECTO::2-s2.0-105014099823,FRAGMENTO::2-s2.0-105014099823::investigador_docente::4,CONTIENE,1.0,,
PROYECTO::2-s2.0-105014099823,FRAGMENTO::2-s2.0-105014099823::anio::5,CONTIENE,1.0,,
PROYECTO::2-s2.0-105014099823,FRAGMENTO::2-s2.0-105014099823::nombre_producto::6,CONTIENE,1.0,,
PROYECTO::2-s2.0-105014099823,FRAGMENTO::2-s2.0-105014099823::resumen::7,CONTIENE,1.0,,
PROYECTO::2-s2.0-105014099823,FRAGMENTO::2-s2.0-105014099823::resumen::8,CONTIENE,1.0,,
PROYECTO::2-s2.0-105014099823,FRAGMENTO::2-s2.0-105014099823::palabras_clave::9,CONTIENE,1.0,,
PROYECTO::2-s2.0-105014099823,FRAGMENTO::2-s2.0-105014099823::nombre_revista_libro::10,CONTIENE,1.0,,
PROYECTO::2-s2.0-105014099823,FRAGMENTO::2-s2.0-105014099823::fuente::11,CONTIENE,1.0,,
PROYECTO::2-s2.0-105014099823,FRAGMENTO::2-s2.0-105014099823::coautores::12,CONTIENE,1.0,,
PROYECTO::2-s2.0-105014099823,FRAGMENTO::2-s2.0-105014099823::afiliacion_coautores::13,CONTIENE,1.0,,
PROYECTO::2-s2.0-105014099823,FRAGMENTO::2-s2.0-105014099823::pais_coautores::14,CONTIENE,1.0,,
PROYECTO::2-s2.0-105014099823,FACULTAD::psicologia,PERTENECE_FACULTAD,0.35,,
PROYECTO::2-s2.0-105014099823,PROGRAMA::tanda mega prime,PERTENECE_PROGRAMA,0.4,,
PROYECTO::2-s2.0-105014099823,"INVESTIGADOR::garcia olaya, yors alexander",TIENE_INVESTIGADOR,0.65,,
PROYECTO::2-s2.0-105014099823,PALABRA_CLAVE::acceptance and commitment therapy,TIENE_PALABRA_CLAVE,0.7,,
PROYECTO::2-s2.0-105014099823,PALABRA_CLAVE::act matrix,TIENE_PALABRA_CLAVE,0.7,,
PROYECTO::2-s2.0-105014099823,PALABRA_CLAVE::depression,TIENE_PALABRA_CLAVE,0.7,,
PROYECTO::2-s2.0-105014099823,PALABRA_CLAVE::hiv,TIENE_PALABRA_CLAVE,0.7,,
PROYECTO::2-s2.0-105014099823,PALABRA_CLAVE::medication adherence,TIENE_PALABRA_CLAVE,0.7,,
PROYECTO::2-s2.0-105014099823,PALABRA_CLAVE::psychological flexibility,TIENE_PALABRA_CLAVE,0.7,,
PROYECTO::2-s2.0-105014099823,PALABRA_CLAVE::values-based behavior,TIENE_PALABRA_CLAVE,0.7,,
PROYECTO::2-s2.0-105014099823,"COAUTOR::tellez, mariana",TIENE_COAUTOR,0.65,,
PROYECTO::2-s2.0-105014099823,"COAUTOR::garcia, yors",TIENE_COAUTOR,0.65,,
PROYECTO::2-s2.0-105014099823,AFILIACION::pontificia universidad javeriana,AFILIACION_RELACIONADA,0.55,,
PROYECTO::2-s2.0-105014099823,AFILIACION::hospital universitario san ignacio,AFILIACION_RELACIONADA,0.55,,
PROYECTO::2-s2.0-105014099823,PAIS::colombia,PAIS_RELACIONADO,0.1,,
FRAGMENTO::2-s2.0-105014099823::resumen::7,INDICADOR::el proyecto fortalece estrategias participativas de cuidado implementadas por distintos actores sociales.,EVIDENCIA_CANDIDATA_DE,0.477759,0.477759,resumen
FRAGMENTO::2-s2.0-105014099823::resumen::7,INDICADOR::el proyecto implementa acciones orientadas a mejorar la calidad de vida de personas en situacion de discapacidad.,EVIDENCIA_CANDIDATA_DE,0.468956,0.468956,resumen
FRAGMENTO::2-s2.0-105014099823::resumen::7,INDICADOR::numero de beneficiarios directos e indirectos.,EVIDENCIA_CANDIDATA_DE,0.462162,0.462162,resumen
FRAGMENTO::2-s2.0-105014099823::resumen::8,INDICADOR::el proyecto fortalece estrategias participativas de cuidado implementadas por distintos actores sociales.,EVIDENCIA_CANDIDATA_DE,0.566351,0.566351,resumen
FRAGMENTO::2-s2.0-105014099823::resumen::8,"INDICADOR::el proyecto contribuyo a enfrentar desigualdades, exclusion o injusticia, promoviendo justicia social, equidad, inclusion y respeto a los derechos humanos.",EVIDENCIA_CANDIDATA_DE,0.514543,0.514543,resumen
FRAGMENTO::2-s2.0-105014099823::resumen::8,INDICADOR::el proyecto implementa acciones orientadas a mejorar la calidad de vida de personas en situacion de discapacidad.,EVIDENCIA_CANDIDATA_DE,0.502561,0.502561,resumen
FRAGMENTO::2-s2.0-105014099823::palabras_clave::9,INDICADOR::numero de beneficiarios directos e indirectos.,EVIDENCIA_CANDIDATA_DE,0.460245,0.460245,palabras_clave
FRAGMENTO::2-s2.0-105014099823::palabras_clave::9,INDICADOR::el proyecto fortalece estrategias participativas de cuidado implementadas por distintos actores sociales.,EVIDENCIA_CANDIDATA_DE,0.451,0.451,palabras_clave
FRAGMENTO::2-s2.0-105014099823::palabras_clave::9,INDICADOR::el proyecto implementa acciones orientadas a mejorar la calidad de vida de personas en situacion de discapacidad.,EVIDENCIA_CANDIDATA_DE,0.432638,0.432638,palabras_clave
PROYECTO::2-s2.0-105020034198,FRAGMENTO::2-s2.0-105020034198::facultad::1,CONTIENE,1.0,,
PROYECTO::2-s2.0-105020034198,FRAGMENTO::2-s2.0-105020034198::programa_creacion::2,CONTIENE,1.0,,
PROYECTO::2-s2.0-105020034198,FRAGMENTO::2-s2.0-105020034198::tipo_documental::3,CONTIENE,1.0,,
PROYECTO::2-s2.0-105020034198,FRAGMENTO::2-s2.0-105020034198::investigador_docente::4,CONTIENE,1.0,,
PROYECTO::2-s2.0-105020034198,FRAGMENTO::2-s2.0-105020034198::anio::5,CONTIENE,1.0,,
PROYECTO::2-s2.0-105020034198,FRAGMENTO::2-s2.0-105020034198::nombre_producto::6,CONTIENE,1.0,,
PROYECTO::2-s2.0-105020034198,FRAGMENTO::2-s2.0-105020034198::resumen::7,CONTIENE,1.0,,
PROYECTO::2-s2.0-105020034198,FRAGMENTO::2-s2.0-105020034198::resumen::8,CONTIENE,1.0,,
PROYECTO::2-s2.0-105020034198,FRAGMENTO::2-s2.0-105020034198::resumen::9,CONTIENE,1.0,,
PROYECTO::2-s2.0-105020034198,FRAGMENTO::2-s2.0-105020034198::resumen::10,CONTIENE,1.0,,
PROYECTO::2-s2.0-105020034198,FRAGMENTO::2-s2.0-105020034198::palabras_clave::11,CONTIENE,1.0,,
PROYECTO::2-s2.0-105020034198,FRAGMENTO::2-s2.0-105020034198::nombre_revista_libro::12,CONTIENE,1.0,,
PROYECTO::2-s2.0-105020034198,FRAGMENTO::2-s2.0-105020034198::fuente::13,CONTIENE,1.0,,
PROYECTO::2-s2.0-105020034198,FRAGMENTO::2-s2.0-105020034198::coautores::14,CONTIENE,1.0,,
PROYECTO::2-s2.0-105020034198,FRAGMENTO::2-s2.0-105020034198::afiliacion_coautores::15,CONTIENE,1.0,,
PROYECTO::2-s2.0-105020034198,FRAGMENTO::2-s2.0-105020034198::pais_coautores::16,CONTIENE,1.0,,
PROYECTO::2-s2.0-105020034198,FACULTAD::medicina,PERTENECE_FACULTAD,0.35,,
PROYECTO::2-s2.0-105020034198,PROGRAMA::visita psiquiatria,PERTENECE_PROGRAMA,0.4,,
PROYECTO::2-s2.0-105020034198,"INVESTIGADOR::gomez restrepo, carlos",TIENE_INVESTIGADOR,0.65,,
PROYECTO::2-s2.0-105020034198,PALABRA_CLAVE::adolescents,TIENE_PALABRA_CLAVE,0.7,,
PROYECTO::2-s2.0-105020034198,PALABRA_CLAVE::armed conflict,TIENE_PALABRA_CLAVE,0.7,,
PROYECTO::2-s2.0-105020034198,PALABRA_CLAVE::dialog+,TIENE_PALABRA_CLAVE,0.7,,
PROYECTO::2-s2.0-105020034198,PALABRA_CLAVE::dialog+s,TIENE_PALABRA_CLAVE,0.7,,
PROYECTO::2-s2.0-105020034198,PALABRA_CLAVE::digital intervention,TIENE_PALABRA_CLAVE,0.7,,
PROYECTO::2-s2.0-105020034198,PALABRA_CLAVE::mental health,TIENE_PALABRA_CLAVE,0.7,,
PROYECTO::2-s2.0-105020034198,PALABRA_CLAVE::mobile phone,TIENE_PALABRA_CLAVE,0.7,,
PROYECTO::2-s2.0-105020034198,PALABRA_CLAVE::psychosocial intervention,TIENE_PALABRA_CLAVE,0.7,,
PROYECTO::2-s2.0-105020034198,PALABRA_CLAVE::school,TIENE_PALABRA_CLAVE,0.7,,
PROYECTO::2-s2.0-105020034198,"COAUTOR::gomez-restrepo, carlos",TIENE_COAUTOR,0.65,,
PROYECTO::2-s2.0-105020034198,"COAUTOR::sarmiento-suarez, maria jose",TIENE_COAUTOR,0.65,,
PROYECTO::2-s2.0-105020034198,"COAUTOR::alba-saavedra, magda",TIENE_COAUTOR,0.65,,
PROYECTO::2-s2.0-105020034198,"COAUTOR::calvo-valderrama, maria gabriela",TIENE_COAUTOR,0.65,,
PROYECTO::2-s2.0-105020034198,"COAUTOR::rincon-rodriguez, carlos javier",TIENE_COAUTOR,0.65,,
PROYECTO::2-s2.0-105020034198,"COAUTOR::bird, victoria jane",TIENE_COAUTOR,0.65,,
PROYECTO::2-s2.0-105020034198,"COAUTOR::priebe, stefan",TIENE_COAUTOR,0.65,,
PROYECTO::2-s2.0-105020034198,"COAUTOR::van loggerenberg, francois",TIENE_COAUTOR,0.65,,
PROYECTO::2-s2.0-105020034198,AFILIACION::barts and the london school of medicine and dentistry,AFILIACION_RELACIONADA,0.55,,
PROYECTO::2-s2.0-105020034198,AFILIACION::hospital universitario san ignacio,AFILIACION_RELACIONADA,0.55,,
PROYECTO::2-s2.0-105020034198,AFILIACION::east london nhs foundation trust,AFILIACION_RELACIONADA,0.55,,
PROYECTO::2-s2.0-105020034198,AFILIACION::universidad javeriana facultad de medicina,AFILIACION_RELACIONADA,0.55,,
PROYECTO::2-s2.0-105020034198,PAIS::united kingdom,PAIS_RELACIONADO,0.1,,
PROYECTO::2-s2.0-105020034198,PAIS::colombia,PAIS_RELACIONADO,0.1,,
FRAGMENTO::2-s2.0-105020034198::nombre_producto::6,INDICADOR::el proyecto fortalece el bienestar fisico y mental de la poblacion.,EVIDENCIA_CANDIDATA_DE,0.427102,0.427102,nombre_producto
FRAGMENTO::2-s2.0-105020034198::resumen::7,INDICADOR::el proyecto fortalece el bienestar fisico y mental de la poblacion.,EVIDENCIA_CANDIDATA_DE,0.517106,0.517106,resumen
FRAGMENTO::2-s2.0-105020034198::resumen::7,INDICADOR::el proyecto fortalece estrategias participativas de cuidado implementadas por distintos actores sociales.,EVIDENCIA_CANDIDATA_DE,0.489528,0.489528,resumen
FRAGMENTO::2-s2.0-105020034198::resumen::7,INDICADOR::el proyecto implementa acciones orientadas a mejorar la calidad de vida de personas en situacion de discapacidad.,EVIDENCIA_CANDIDATA_DE,0.43386,0.43386,resumen
FRAGMENTO::2-s2.0-105020034198::resumen::8,"INDICADOR::numero de manuales, herramientas o metodologias derivadas del proyecto y adoptadas por entidades estatales.",EVIDENCIA_CANDIDATA_DE,0.518238,0.518238,resumen
FRAGMENTO::2-s2.0-105020034198::resumen::8,"INDICADOR::la solucion generada por el proyecto es usada, adaptada, replicada o sostenida por la comunidad, territorio o entidad beneficiaria.",EVIDENCIA_CANDIDATA_DE,0.50184,0.50184,resumen
FRAGMENTO::2-s2.0-105020034198::resumen::8,"INDICADOR::las soluciones tecnologicas generadas por el proyecto son adoptadas, adaptadas o sostenidas por actores de interes externos a la academia.",EVIDENCIA_CANDIDATA_DE,0.489061,0.489061,resumen
FRAGMENTO::2-s2.0-105020034198::resumen::10,INDICADOR::el proyecto fortalece el bienestar fisico y mental de la poblacion.,EVIDENCIA_CANDIDATA_DE,0.513597,0.513597,resumen
FRAGMENTO::2-s2.0-105020034198::resumen::10,INDICADOR::el proyecto fortalece estrategias participativas de cuidado implementadas por distintos actores sociales.,EVIDENCIA_CANDIDATA_DE,0.479104,0.479104,resumen
FRAGMENTO::2-s2.0-105020034198::resumen::10,INDICADOR::el proyecto implementa acciones orientadas a mejorar la calidad de vida de personas en situacion de discapacidad.,EVIDENCIA_CANDIDATA_DE,0.469004,0.469004,resumen
FRAGMENTO::2-s2.0-105020034198::palabras_clave::11,INDICADOR::numero de espacios publicos promovidos por el proyecto para debatir la problematica investigativa y social mas alla del ambito academico.,EVIDENCIA_CANDIDATA_DE,0.551727,0.551727,palabras_clave
FRAGMENTO::2-s2.0-105020034198::palabras_clave::11,INDICADOR::el proyecto fortalece el bienestar fisico y mental de la poblacion.,EVIDENCIA_CANDIDATA_DE,0.512765,0.512765,palabras_clave
FRAGMENTO::2-s2.0-105020034198::palabras_clave::11,INDICADOR::el proyecto fortalece estrategias participativas de cuidado implementadas por distintos actores sociales.,EVIDENCIA_CANDIDATA_DE,0.476599,0.476599,palabras_clave
PROYECTO::2-s2.0-85049317946,FRAGMENTO::2-s2.0-85049317946::facultad::1,CONTIENE,1.0,,
PROYECTO::2-s2.0-85049317946,FRAGMENTO::2-s2.0-85049317946::programa_creacion::2,CONTIENE,1.0,,
PROYECTO::2-s2.0-85049317946,FRAGMENTO::2-s2.0-85049317946::tipo_documental::3,CONTIENE,1.0,,
PROYECTO::2-s2.0-85049317946,FRAGMENTO::2-s2.0-85049317946::investigador_docente::4,CONTIENE,1.0,,
PROYECTO::2-s2.0-85049317946,FRAGMENTO::2-s2.0-85049317946::anio::5,CONTIENE,1.0,,
PROYECTO::2-s2.0-85049317946,FRAGMENTO::2-s2.0-85049317946::nombre_producto::6,CONTIENE,1.0,,
PROYECTO::2-s2.0-85049317946,FRAGMENTO::2-s2.0-85049317946::resumen::7,CONTIENE,1.0,,
PROYECTO::2-s2.0-85049317946,FRAGMENTO::2-s2.0-85049317946::resumen::8,CONTIENE,1.0,,
PROYECTO::2-s2.0-85049317946,FRAGMENTO::2-s2.0-85049317946::palabras_clave::9,CONTIENE,1.0,,
PROYECTO::2-s2.0-85049317946,FRAGMENTO::2-s2.0-85049317946::nombre_revista_libro::10,CONTIENE,1.0,,
PROYECTO::2-s2.0-85049317946,FRAGMENTO::2-s2.0-85049317946::fuente::11,CONTIENE,1.0,,
PROYECTO::2-s2.0-85049317946,FRAGMENTO::2-s2.0-85049317946::coautores::12,CONTIENE,1.0,,
PROYECTO::2-s2.0-85049317946,FRAGMENTO::2-s2.0-85049317946::afiliacion_coautores::13,CONTIENE,1.0,,
PROYECTO::2-s2.0-85049317946,FRAGMENTO::2-s2.0-85049317946::pais_coautores::14,CONTIENE,1.0,,
PROYECTO::2-s2.0-85049317946,FRAGMENTO::2-s2.0-85049317946::financiadores::15,CONTIENE,1.0,,
PROYECTO::2-s2.0-85049317946,FACULTAD::ingenieria,PERTENECE_FACULTAD,0.35,,
PROYECTO::2-s2.0-85049317946,PROGRAMA::inge abril,PERTENECE_PROGRAMA,0.4,,
PROYECTO::2-s2.0-85049317946,"INVESTIGADOR::colorado montano, julian david",TIENE_INVESTIGADOR,0.65,,
PROYECTO::2-s2.0-85049317946,PALABRA_CLAVE::air pollution,TIENE_PALABRA_CLAVE,0.7,,
PROYECTO::2-s2.0-85049317946,PALABRA_CLAVE::incentives,TIENE_PALABRA_CLAVE,0.7,,
PROYECTO::2-s2.0-85049317946,PALABRA_CLAVE::participatory sensing,TIENE_PALABRA_CLAVE,0.7,,
PROYECTO::2-s2.0-85049317946,PALABRA_CLAVE::privacy protection,TIENE_PALABRA_CLAVE,0.7,,
PROYECTO::2-s2.0-85049317946,"COAUTOR::mendez, diego",TIENE_COAUTOR,0.65,,
PROYECTO::2-s2.0-85049317946,"COAUTOR::colorado, julian",TIENE_COAUTOR,0.65,,
PROYECTO::2-s2.0-85049317946,"COAUTOR::rodriguez, laura",TIENE_COAUTOR,0.65,,
PROYECTO::2-s2.0-85049317946,"COAUTOR::chacon, andres",TIENE_COAUTOR,0.65,,
PROYECTO::2-s2.0-85049317946,"COAUTOR::hernandez, mateo",TIENE_COAUTOR,0.65,,
PROYECTO::2-s2.0-85049317946,AFILIACION::pontificia universidad javeriana,AFILIACION_RELACIONADA,0.55,,
PROYECTO::2-s2.0-85049317946,PAIS::colombia,PAIS_RELACIONADO,0.1,,
PROYECTO::2-s2.0-85049317946,FINANCIADOR::universidad de la republica uruguay,TIENE_FINANCIADOR,0.65,,
FRAGMENTO::2-s2.0-85049317946::resumen::7,INDICADOR::el proyecto incluye procesos participativos de validacion tecnologica con usuarios reales.,EVIDENCIA_CANDIDATA_DE,0.450742,0.450742,resumen
FRAGMENTO::2-s2.0-85049317946::resumen::8,INDICADOR::el proyecto incluye procesos participativos de validacion tecnologica con usuarios reales.,EVIDENCIA_CANDIDATA_DE,0.494997,0.494997,resumen
FRAGMENTO::2-s2.0-85049317946::resumen::8,INDICADOR::el proyecto utiliza tecnologia para maximizar el impacto positivo en comunidades o actores destinatarios.,EVIDENCIA_CANDIDATA_DE,0.472849,0.472849,resumen
FRAGMENTO::2-s2.0-85049317946::resumen::8,"INDICADOR::nivel en que los resultados, metodologias o saberes generados por el proyecto son difundidos en formatos comprensibles, abiertos y reutilizables, y en que dichos materiales son efectivamente consultados y aprovechados por publicos diversos.",EVIDENCIA_CANDIDATA_DE,0.464344,0.464344,resumen
FRAGMENTO::2-s2.0-85049317946::palabras_clave::9,INDICADOR::el proyecto contribuye a prevenir riesgos en salud publica.,EVIDENCIA_CANDIDATA_DE,0.511066,0.511066,palabras_clave
FRAGMENTO::2-s2.0-85049317946::palabras_clave::9,"INDICADOR::el proyecto genera mejoras sostenibles en el entorno ambiental, economico y social de los grupos de interes.",EVIDENCIA_CANDIDATA_DE,0.504922,0.504922,palabras_clave
FRAGMENTO::2-s2.0-85049317946::palabras_clave::9,"INDICADOR::el proyecto facilita la participacion activa de los grupos de interes en procesos de formulacion, monitoreo o evaluacion de politicas publicas o iniciativas de ciencia ciudadana.",EVIDENCIA_CANDIDATA_DE,0.469886,0.469886,palabras_clave
PROYECTO::2-s2.0-85131371279,FRAGMENTO::2-s2.0-85131371279::facultad::1,CONTIENE,1.0,,
PROYECTO::2-s2.0-85131371279,FRAGMENTO::2-s2.0-85131371279::programa_creacion::2,CONTIENE,1.0,,
PROYECTO::2-s2.0-85131371279,FRAGMENTO::2-s2.0-85131371279::tipo_documental::3,CONTIENE,1.0,,
PROYECTO::2-s2.0-85131371279,FRAGMENTO::2-s2.0-85131371279::investigador_docente::4,CONTIENE,1.0,,
PROYECTO::2-s2.0-85131371279,FRAGMENTO::2-s2.0-85131371279::anio::5,CONTIENE,1.0,,
PROYECTO::2-s2.0-85131371279,FRAGMENTO::2-s2.0-85131371279::nombre_producto::6,CONTIENE,1.0,,
PROYECTO::2-s2.0-85131371279,FRAGMENTO::2-s2.0-85131371279::resumen::7,CONTIENE,1.0,,
PROYECTO::2-s2.0-85131371279,FRAGMENTO::2-s2.0-85131371279::resumen::8,CONTIENE,1.0,,
PROYECTO::2-s2.0-85131371279,FRAGMENTO::2-s2.0-85131371279::resumen::9,CONTIENE,1.0,,
PROYECTO::2-s2.0-85131371279,FRAGMENTO::2-s2.0-85131371279::resumen::10,CONTIENE,1.0,,
PROYECTO::2-s2.0-85131371279,FRAGMENTO::2-s2.0-85131371279::palabras_clave::11,CONTIENE,1.0,,
PROYECTO::2-s2.0-85131371279,FRAGMENTO::2-s2.0-85131371279::nombre_revista_libro::12,CONTIENE,1.0,,
PROYECTO::2-s2.0-85131371279,FRAGMENTO::2-s2.0-85131371279::fuente::13,CONTIENE,1.0,,
PROYECTO::2-s2.0-85131371279,FRAGMENTO::2-s2.0-85131371279::coautores::14,CONTIENE,1.0,,
PROYECTO::2-s2.0-85131371279,FRAGMENTO::2-s2.0-85131371279::afiliacion_coautores::15,CONTIENE,1.0,,
PROYECTO::2-s2.0-85131371279,FRAGMENTO::2-s2.0-85131371279::pais_coautores::16,CONTIENE,1.0,,
PROYECTO::2-s2.0-85131371279,FRAGMENTO::2-s2.0-85131371279::financiadores::17,CONTIENE,1.0,,
PROYECTO::2-s2.0-85131371279,FACULTAD::medicina,PERTENECE_FACULTAD,0.35,,
PROYECTO::2-s2.0-85131371279,PROGRAMA::mega prime medicina,PERTENECE_PROGRAMA,0.4,,
PROYECTO::2-s2.0-85131371279,"INVESTIGADOR::cano gutierrez, carlos alberto",TIENE_INVESTIGADOR,0.65,,
PROYECTO::2-s2.0-85131371279,PALABRA_CLAVE::activities of daily living,TIENE_PALABRA_CLAVE,0.7,,
PROYECTO::2-s2.0-85131371279,PALABRA_CLAVE::functionality,TIENE_PALABRA_CLAVE,0.7,,
PROYECTO::2-s2.0-85131371279,PALABRA_CLAVE::nutrition,TIENE_PALABRA_CLAVE,0.7,,
PROYECTO::2-s2.0-85131371279,PALABRA_CLAVE::older adults,TIENE_PALABRA_CLAVE,0.7,,
PROYECTO::2-s2.0-85131371279,PALABRA_CLAVE::oral nutritional supplement,TIENE_PALABRA_CLAVE,0.7,,
PROYECTO::2-s2.0-85131371279,PALABRA_CLAVE::quality of life,TIENE_PALABRA_CLAVE,0.7,,
PROYECTO::2-s2.0-85131371279,"COAUTOR::gomez, gabriel",TIENE_COAUTOR,0.65,,
PROYECTO::2-s2.0-85131371279,"COAUTOR::botero-rodriguez, felipe",TIENE_COAUTOR,0.65,,
PROYECTO::2-s2.0-85131371279,"COAUTOR::misas, juan diego",TIENE_COAUTOR,0.65,,
PROYECTO::2-s2.0-85131371279,"COAUTOR::garcia-cifuentes, elkin",TIENE_COAUTOR,0.65,,
PROYECTO::2-s2.0-85131371279,"COAUTOR::sulo, suela",TIENE_COAUTOR,0.65,,
PROYECTO::2-s2.0-85131371279,"COAUTOR::brunton, cory",TIENE_COAUTOR,0.65,,
PROYECTO::2-s2.0-85131371279,"COAUTOR::venegas-sanabria, luis carlos",TIENE_COAUTOR,0.65,,
PROYECTO::2-s2.0-85131371279,"COAUTOR::gracia, daniela alejandra",TIENE_COAUTOR,0.65,,
PROYECTO::2-s2.0-85131371279,"COAUTOR::cano gutierrez, carlos alberto",TIENE_COAUTOR,0.65,,
PROYECTO::2-s2.0-85131371279,AFILIACION::hospital universitario mayor mederi,AFILIACION_RELACIONADA,0.55,,
PROYECTO::2-s2.0-85131371279,AFILIACION::pontificia universidad javeriana,AFILIACION_RELACIONADA,0.55,,
PROYECTO::2-s2.0-85131371279,AFILIACION::universidad del rosario,AFILIACION_RELACIONADA,0.55,,
PROYECTO::2-s2.0-85131371279,AFILIACION::hospital universitario san ignacio,AFILIACION_RELACIONADA,0.55,,
PROYECTO::2-s2.0-85131371279,"AFILIACION::abbott laboratories, bogota",AFILIACION_RELACIONADA,0.55,,
PROYECTO::2-s2.0-85131371279,"AFILIACION::abbott laboratories, abbott park",AFILIACION_RELACIONADA,0.55,,
PROYECTO::2-s2.0-85131371279,"AFILIACION::abbott laboratories, columbus",AFILIACION_RELACIONADA,0.55,,
PROYECTO::2-s2.0-85131371279,PAIS::colombia,PAIS_RELACIONADO,0.1,,
PROYECTO::2-s2.0-85131371279,PAIS::united states,PAIS_RELACIONADO,0.1,,
PROYECTO::2-s2.0-85131371279,FINANCIADOR::abbott laboratories,TIENE_FINANCIADOR,0.65,,
FRAGMENTO::2-s2.0-85131371279::nombre_producto::6,INDICADOR::el proyecto fortalece estrategias participativas de cuidado implementadas por distintos actores sociales.,EVIDENCIA_CANDIDATA_DE,0.532835,0.532835,nombre_producto
FRAGMENTO::2-s2.0-85131371279::nombre_producto::6,INDICADOR::el proyecto implementa acciones orientadas a mejorar la calidad de vida de personas en situacion de discapacidad.,EVIDENCIA_CANDIDATA_DE,0.506435,0.506435,nombre_producto
FRAGMENTO::2-s2.0-85131371279::nombre_producto::6,INDICADOR::el proyecto fortalece el bienestar fisico y mental de la poblacion.,EVIDENCIA_CANDIDATA_DE,0.48713,0.48713,nombre_producto
FRAGMENTO::2-s2.0-85131371279::resumen::7,INDICADOR::el proyecto implementa acciones orientadas a mejorar la calidad de vida de personas en situacion de discapacidad.,EVIDENCIA_CANDIDATA_DE,0.571826,0.571826,resumen
FRAGMENTO::2-s2.0-85131371279::resumen::7,INDICADOR::mejora en la calidad de vida o bienestar atribuida al proyecto.,EVIDENCIA_CANDIDATA_DE,0.548713,0.548713,resumen
FRAGMENTO::2-s2.0-85131371279::resumen::7,INDICADOR::el proyecto fortalece estrategias participativas de cuidado implementadas por distintos actores sociales.,EVIDENCIA_CANDIDATA_DE,0.534402,0.534402,resumen
FRAGMENTO::2-s2.0-85131371279::resumen::8,INDICADOR::el proyecto implementa acciones orientadas a mejorar la calidad de vida de personas en situacion de discapacidad.,EVIDENCIA_CANDIDATA_DE,0.528099,0.528099,resumen
FRAGMENTO::2-s2.0-85131371279::resumen::8,INDICADOR::el proyecto fortalece estrategias participativas de cuidado implementadas por distintos actores sociales.,EVIDENCIA_CANDIDATA_DE,0.506375,0.506375,resumen
FRAGMENTO::2-s2.0-85131371279::resumen::8,INDICADOR::el proyecto fortalece el bienestar fisico y mental de la poblacion.,EVIDENCIA_CANDIDATA_DE,0.48253,0.48253,resumen
FRAGMENTO::2-s2.0-85131371279::resumen::9,INDICADOR::el proyecto fortalece el bienestar fisico y mental de la poblacion.,EVIDENCIA_CANDIDATA_DE,0.546809,0.546809,resumen
FRAGMENTO::2-s2.0-85131371279::resumen::9,INDICADOR::mejora en la calidad de vida o bienestar atribuida al proyecto.,EVIDENCIA_CANDIDATA_DE,0.526048,0.526048,resumen
FRAGMENTO::2-s2.0-85131371279::resumen::9,INDICADOR::el proyecto implementa acciones orientadas a mejorar la calidad de vida de personas en situacion de discapacidad.,EVIDENCIA_CANDIDATA_DE,0.519726,0.519726,resumen
FRAGMENTO::2-s2.0-85131371279::palabras_clave::11,INDICADOR::mejora en la calidad de vida o bienestar atribuida al proyecto.,EVIDENCIA_CANDIDATA_DE,0.531249,0.531249,palabras_clave
FRAGMENTO::2-s2.0-85131371279::palabras_clave::11,INDICADOR::el proyecto fortalece el bienestar fisico y mental de la poblacion.,EVIDENCIA_CANDIDATA_DE,0.514806,0.514806,palabras_clave
FRAGMENTO::2-s2.0-85131371279::palabras_clave::11,INDICADOR::el proyecto implementa acciones orientadas a mejorar la calidad de vida de personas en situacion de discapacidad.,EVIDENCIA_CANDIDATA_DE,0.512167,0.512167,palabras_clave
PROYECTO::2-s2.0-85213377303,FRAGMENTO::2-s2.0-85213377303::facultad::1,CONTIENE,1.0,,
PROYECTO::2-s2.0-85213377303,FRAGMENTO::2-s2.0-85213377303::programa_creacion::2,CONTIENE,1.0,,
PROYECTO::2-s2.0-85213377303,FRAGMENTO::2-s2.0-85213377303::tipo_documental::3,CONTIENE,1.0,,
PROYECTO::2-s2.0-85213377303,FRAGMENTO::2-s2.0-85213377303::investigador_docente::4,CONTIENE,1.0,,
PROYECTO::2-s2.0-85213377303,FRAGMENTO::2-s2.0-85213377303::anio::5,CONTIENE,1.0,,
PROYECTO::2-s2.0-85213377303,FRAGMENTO::2-s2.0-85213377303::nombre_producto::6,CONTIENE,1.0,,
PROYECTO::2-s2.0-85213377303,FRAGMENTO::2-s2.0-85213377303::resumen::7,CONTIENE,1.0,,
PROYECTO::2-s2.0-85213377303,FRAGMENTO::2-s2.0-85213377303::resumen::8,CONTIENE,1.0,,
PROYECTO::2-s2.0-85213377303,FRAGMENTO::2-s2.0-85213377303::palabras_clave::9,CONTIENE,1.0,,
PROYECTO::2-s2.0-85213377303,FRAGMENTO::2-s2.0-85213377303::nombre_revista_libro::10,CONTIENE,1.0,,
PROYECTO::2-s2.0-85213377303,FRAGMENTO::2-s2.0-85213377303::fuente::11,CONTIENE,1.0,,
PROYECTO::2-s2.0-85213377303,FRAGMENTO::2-s2.0-85213377303::coautores::12,CONTIENE,1.0,,
PROYECTO::2-s2.0-85213377303,FRAGMENTO::2-s2.0-85213377303::afiliacion_coautores::13,CONTIENE,1.0,,
PROYECTO::2-s2.0-85213377303,FRAGMENTO::2-s2.0-85213377303::pais_coautores::14,CONTIENE,1.0,,
PROYECTO::2-s2.0-85213377303,FRAGMENTO::2-s2.0-85213377303::financiadores::15,CONTIENE,1.0,,
PROYECTO::2-s2.0-85213377303,FACULTAD::estudios ambientales y rurales,PERTENECE_FACULTAD,0.35,,
PROYECTO::2-s2.0-85213377303,PROGRAMA::visita fear,PERTENECE_PROGRAMA,0.4,,
PROYECTO::2-s2.0-85213377303,"INVESTIGADOR::echeverry galvis, maria angela",TIENE_INVESTIGADOR,0.65,,
PROYECTO::2-s2.0-85213377303,PALABRA_CLAVE::applied ecology,TIENE_PALABRA_CLAVE,0.7,,
PROYECTO::2-s2.0-85213377303,PALABRA_CLAVE::biodiversity,TIENE_PALABRA_CLAVE,0.7,,
PROYECTO::2-s2.0-85213377303,PALABRA_CLAVE::biogeography,TIENE_PALABRA_CLAVE,0.7,,
PROYECTO::2-s2.0-85213377303,PALABRA_CLAVE::conservation,TIENE_PALABRA_CLAVE,0.7,,
PROYECTO::2-s2.0-85213377303,PALABRA_CLAVE::informatics,TIENE_PALABRA_CLAVE,0.7,,
PROYECTO::2-s2.0-85213377303,"COAUTOR::blair, mary e.",TIENE_COAUTOR,0.65,,
PROYECTO::2-s2.0-85213377303,"COAUTOR::noguera-urbano, elkin a.",TIENE_COAUTOR,0.65,,
PROYECTO::2-s2.0-85213377303,"COAUTOR::ochoa-quintero, jose manuel",TIENE_COAUTOR,0.65,,
PROYECTO::2-s2.0-85213377303,"COAUTOR::paz, andrea",TIENE_COAUTOR,0.65,,
PROYECTO::2-s2.0-85213377303,"COAUTOR::lopez-gallego, cristina",TIENE_COAUTOR,0.65,,
PROYECTO::2-s2.0-85213377303,"COAUTOR::echeverry-galvis, maria angela",TIENE_COAUTOR,0.65,,
PROYECTO::2-s2.0-85213377303,"COAUTOR::zuloaga, juan",TIENE_COAUTOR,0.65,,
PROYECTO::2-s2.0-85213377303,"COAUTOR::rodriguez, pilar",TIENE_COAUTOR,0.65,,
PROYECTO::2-s2.0-85213377303,"COAUTOR::lemus-mejia, leonardo",TIENE_COAUTOR,0.65,,
PROYECTO::2-s2.0-85213377303,"COAUTOR::ersts, peter",TIENE_COAUTOR,0.65,,
PROYECTO::2-s2.0-85213377303,"COAUTOR::lopez-lozano, daniel f.",TIENE_COAUTOR,0.65,,
PROYECTO::2-s2.0-85213377303,"COAUTOR::aiello-lammens, matthew e.",TIENE_COAUTOR,0.65,,
PROYECTO::2-s2.0-85213377303,"COAUTOR::arango, hector m.",TIENE_COAUTOR,0.65,,
PROYECTO::2-s2.0-85213377303,"COAUTOR::buitrago, leonardo",TIENE_COAUTOR,0.65,,
PROYECTO::2-s2.0-85213377303,"COAUTOR::chang triguero, samuel",TIENE_COAUTOR,0.65,,
PROYECTO::2-s2.0-85213377303,"COAUTOR::cruz-rodriguez, cristian a.",TIENE_COAUTOR,0.65,,
PROYECTO::2-s2.0-85213377303,"COAUTOR::diaz-nieto, juan f.",TIENE_COAUTOR,0.65,,
PROYECTO::2-s2.0-85213377303,"COAUTOR::escobar, dairo",TIENE_COAUTOR,0.65,,
PROYECTO::2-s2.0-85213377303,"COAUTOR::grisales-betancur, valentina",TIENE_COAUTOR,0.65,,
PROYECTO::2-s2.0-85213377303,"COAUTOR::johnson, bethany a.",TIENE_COAUTOR,0.65,,
PROYECTO::2-s2.0-85213377303,"COAUTOR::kass, jamie m.",TIENE_COAUTOR,0.65,,
PROYECTO::2-s2.0-85213377303,"COAUTOR::londono-murcia, maria c.",TIENE_COAUTOR,0.65,,
PROYECTO::2-s2.0-85213377303,"COAUTOR::merow, cory",TIENE_COAUTOR,0.65,,
PROYECTO::2-s2.0-85213377303,"COAUTOR::munoz-rodriguez, carlos j.",TIENE_COAUTOR,0.65,,
PROYECTO::2-s2.0-85213377303,"COAUTOR::olaya-rodriguez, maria helena",TIENE_COAUTOR,0.65,,
PROYECTO::2-s2.0-85213377303,"COAUTOR::parra, juan l.",TIENE_COAUTOR,0.65,,
PROYECTO::2-s2.0-85213377303,"COAUTOR::pinilla-buitrago, gonzalo e.",TIENE_COAUTOR,0.65,,
PROYECTO::2-s2.0-85213377303,"COAUTOR::roach, nicolette s.",TIENE_COAUTOR,0.65,,
PROYECTO::2-s2.0-85213377303,"COAUTOR::rojas-soto, octavio",TIENE_COAUTOR,0.65,,
PROYECTO::2-s2.0-85213377303,"COAUTOR::roncancio-duque, nestor",TIENE_COAUTOR,0.65,,
PROYECTO::2-s2.0-85213377303,"COAUTOR::suarez-valencia, erika",TIENE_COAUTOR,0.65,,
PROYECTO::2-s2.0-85213377303,"COAUTOR::urbina-cardona, j. nicolas",TIENE_COAUTOR,0.65,,
PROYECTO::2-s2.0-85213377303,"COAUTOR::velasquez-tibata, jorge",TIENE_COAUTOR,0.65,,
PROYECTO::2-s2.0-85213377303,"COAUTOR::zapata-martinez, camilo a.",TIENE_COAUTOR,0.65,,
PROYECTO::2-s2.0-85213377303,"COAUTOR::anderson, robert p.",TIENE_COAUTOR,0.65,,
PROYECTO::2-s2.0-85213377303,AFILIACION::universite mcgill,AFILIACION_RELACIONADA,0.55,,
PROYECTO::2-s2.0-85213377303,AFILIACION::national audubon society,AFILIACION_RELACIONADA,0.55,,
PROYECTO::2-s2.0-85213377303,AFILIACION::instituto amazonico de investigaciones cientificas-sinchi,AFILIACION_RELACIONADA,0.55,,
PROYECTO::2-s2.0-85213377303,AFILIACION::parque nacional natural las hermosas,AFILIACION_RELACIONADA,0.55,,
PROYECTO::2-s2.0-85213377303,"AFILIACION::instituto de ecologia, a.c.",AFILIACION_RELACIONADA,0.55,,
PROYECTO::2-s2.0-85213377303,AFILIACION::texas a&m university,AFILIACION_RELACIONADA,0.55,,
PROYECTO::2-s2.0-85213377303,AFILIACION::university of connecticut,AFILIACION_RELACIONADA,0.55,,
PROYECTO::2-s2.0-85213377303,AFILIACION::tohoku university,AFILIACION_RELACIONADA,0.55,,
PROYECTO::2-s2.0-85213377303,AFILIACION::the city university of new york,AFILIACION_RELACIONADA,0.55,,
PROYECTO::2-s2.0-85213377303,AFILIACION::el globo nature reserve,AFILIACION_RELACIONADA,0.55,,
PROYECTO::2-s2.0-85213377303,AFILIACION::universidad eafit,AFILIACION_RELACIONADA,0.55,,
PROYECTO::2-s2.0-85213377303,AFILIACION::universidad nacional de colombia,AFILIACION_RELACIONADA,0.55,,
PROYECTO::2-s2.0-85213377303,AFILIACION::american museum of natural history,AFILIACION_RELACIONADA,0.55,,
PROYECTO::2-s2.0-85213377303,AFILIACION::instituto de investigacion de recursos biologicos alexander von humboldt,AFILIACION_RELACIONADA,0.55,,
PROYECTO::2-s2.0-85213377303,AFILIACION::eth zurich,AFILIACION_RELACIONADA,0.55,,
PROYECTO::2-s2.0-85213377303,AFILIACION::university of montreal,AFILIACION_RELACIONADA,0.55,,
PROYECTO::2-s2.0-85213377303,AFILIACION::universidad de antioquia,AFILIACION_RELACIONADA,0.55,,
PROYECTO::2-s2.0-85213377303,AFILIACION::pontificia universidad javeriana,AFILIACION_RELACIONADA,0.55,,
PROYECTO::2-s2.0-85213377303,AFILIACION::comision nacional para el conocimiento y uso de la biodiversidad,AFILIACION_RELACIONADA,0.55,,
PROYECTO::2-s2.0-85213377303,AFILIACION::procat colombia,AFILIACION_RELACIONADA,0.55,,
PROYECTO::2-s2.0-85213377303,AFILIACION::pace university,AFILIACION_RELACIONADA,0.55,,
PROYECTO::2-s2.0-85213377303,AFILIACION::global biodiversity information facility,AFILIACION_RELACIONADA,0.55,,
PROYECTO::2-s2.0-85213377303,AFILIACION::independent researcher,AFILIACION_RELACIONADA,0.55,,
PROYECTO::2-s2.0-85213377303,PAIS::canada,PAIS_RELACIONADO,0.1,,
PROYECTO::2-s2.0-85213377303,PAIS::united states,PAIS_RELACIONADO,0.1,,
PROYECTO::2-s2.0-85213377303,PAIS::japan,PAIS_RELACIONADO,0.1,,
PROYECTO::2-s2.0-85213377303,PAIS::colombia,PAIS_RELACIONADO,0.1,,
PROYECTO::2-s2.0-85213377303,PAIS::mexico,PAIS_RELACIONADO,0.1,,
PROYECTO::2-s2.0-85213377303,PAIS::switzerland,PAIS_RELACIONADO,0.1,,
PROYECTO::2-s2.0-85213377303,FINANCIADOR::national aeronautics and space administracion,TIENE_FINANCIADOR,0.65,,
PROYECTO::2-s2.0-85213377303,FINANCIADOR::national science foundation,TIENE_FINANCIADOR,0.65,,
FRAGMENTO::2-s2.0-85213377303::nombre_producto::6,"INDICADOR::el proyecto desarrolla soluciones ambientales asociadas a servicios ecosistemicos, biodiversidad o sostenibilidad ambiental.",EVIDENCIA_CANDIDATA_DE,0.568273,0.568273,nombre_producto
FRAGMENTO::2-s2.0-85213377303::nombre_producto::6,"INDICADOR::nivel en que los resultados, metodologias o saberes generados por el proyecto son difundidos en formatos comprensibles, abiertos y reutilizables, y en que dichos materiales son efectivamente consultados y aprovechados por publicos diversos.",EVIDENCIA_CANDIDATA_DE,0.505412,0.505412,nombre_producto
FRAGMENTO::2-s2.0-85213377303::nombre_producto::6,INDICADOR::el proyecto incluye procesos participativos de validacion tecnologica con usuarios reales.,EVIDENCIA_CANDIDATA_DE,0.50321,0.50321,nombre_producto
FRAGMENTO::2-s2.0-85213377303::resumen::7,"INDICADOR::el proyecto desarrolla soluciones ambientales asociadas a servicios ecosistemicos, biodiversidad o sostenibilidad ambiental.",EVIDENCIA_CANDIDATA_DE,0.533535,0.533535,resumen
FRAGMENTO::2-s2.0-85213377303::resumen::7,"INDICADOR::el proyecto incorpora enfoques interdisciplinarios o transdisciplinarios tanto en el planteamiento del problema como en los metodos, tipos de analisis y perspectivas conceptuales utilizadas.",EVIDENCIA_CANDIDATA_DE,0.505049,0.505049,resumen
FRAGMENTO::2-s2.0-85213377303::resumen::7,"INDICADOR::numero de productos (comunicados, articulos, blogs, libros, videos, material para redes sociales, entre otros) disenados y utilizados para comunicar los resultados del proyecto a publicos diversos.",EVIDENCIA_CANDIDATA_DE,0.501615,0.501615,resumen
FRAGMENTO::2-s2.0-85213377303::resumen::8,"INDICADOR::nivel en que los resultados, metodologias o saberes generados por el proyecto son difundidos en formatos comprensibles, abiertos y reutilizables, y en que dichos materiales son efectivamente consultados y aprovechados por publicos diversos.",EVIDENCIA_CANDIDATA_DE,0.526996,0.526996,resumen
FRAGMENTO::2-s2.0-85213377303::resumen::8,INDICADOR::el proyecto desarrolla productos tecnologicos con participacion de actores no academicos o sectores aplicados.,EVIDENCIA_CANDIDATA_DE,0.51474,0.51474,resumen
FRAGMENTO::2-s2.0-85213377303::resumen::8,INDICADOR::el proyecto incluye procesos participativos de validacion tecnologica con usuarios reales.,EVIDENCIA_CANDIDATA_DE,0.509397,0.509397,resumen
FRAGMENTO::2-s2.0-85213377303::palabras_clave::9,"INDICADOR::el proyecto desarrolla soluciones ambientales asociadas a servicios ecosistemicos, biodiversidad o sostenibilidad ambiental.",EVIDENCIA_CANDIDATA_DE,0.678049,0.678049,palabras_clave
FRAGMENTO::2-s2.0-85213377303::palabras_clave::9,"INDICADOR::el proyecto genera mejoras sostenibles en el entorno ambiental, economico y social de los grupos de interes.",EVIDENCIA_CANDIDATA_DE,0.530883,0.530883,palabras_clave
FRAGMENTO::2-s2.0-85213377303::palabras_clave::9,INDICADOR::el proyecto contribuye a mejorar practicas productivas sostenibles en los sectores o territorios involucrados.,EVIDENCIA_CANDIDATA_DE,0.515395,0.515395,palabras_clave
PROYECTO::2-s2.0-85213954883,FRAGMENTO::2-s2.0-85213954883::facultad::1,CONTIENE,1.0,,
PROYECTO::2-s2.0-85213954883,FRAGMENTO::2-s2.0-85213954883::programa_creacion::2,CONTIENE,1.0,,
PROYECTO::2-s2.0-85213954883,FRAGMENTO::2-s2.0-85213954883::tipo_documental::3,CONTIENE,1.0,,
PROYECTO::2-s2.0-85213954883,FRAGMENTO::2-s2.0-85213954883::investigador_docente::4,CONTIENE,1.0,,
PROYECTO::2-s2.0-85213954883,FRAGMENTO::2-s2.0-85213954883::anio::5,CONTIENE,1.0,,
PROYECTO::2-s2.0-85213954883,FRAGMENTO::2-s2.0-85213954883::nombre_producto::6,CONTIENE,1.0,,
PROYECTO::2-s2.0-85213954883,FRAGMENTO::2-s2.0-85213954883::resumen::7,CONTIENE,1.0,,
PROYECTO::2-s2.0-85213954883,FRAGMENTO::2-s2.0-85213954883::nombre_revista_libro::8,CONTIENE,1.0,,
PROYECTO::2-s2.0-85213954883,FRAGMENTO::2-s2.0-85213954883::fuente::9,CONTIENE,1.0,,
PROYECTO::2-s2.0-85213954883,FRAGMENTO::2-s2.0-85213954883::coautores::10,CONTIENE,1.0,,
PROYECTO::2-s2.0-85213954883,FRAGMENTO::2-s2.0-85213954883::afiliacion_coautores::11,CONTIENE,1.0,,
PROYECTO::2-s2.0-85213954883,FRAGMENTO::2-s2.0-85213954883::pais_coautores::12,CONTIENE,1.0,,
PROYECTO::2-s2.0-85213954883,FACULTAD::ingenieria,PERTENECE_FACULTAD,0.35,,
PROYECTO::2-s2.0-85213954883,PROGRAMA::inge arte,PERTENECE_PROGRAMA,0.4,,
PROYECTO::2-s2.0-85213954883,"INVESTIGADOR::pavlich mariscal, jaime andres",TIENE_INVESTIGADOR,0.65,,
PROYECTO::2-s2.0-85213954883,"COAUTOR::paez-ramos, miguel a.",TIENE_COAUTOR,0.65,,
PROYECTO::2-s2.0-85213954883,"COAUTOR::carrillo-ramos, angela",TIENE_COAUTOR,0.65,,
PROYECTO::2-s2.0-85213954883,"COAUTOR::pavlich-mariscal, jaime a.",TIENE_COAUTOR,0.65,,
PROYECTO::2-s2.0-85213954883,AFILIACION::pontificia universidad javeriana,AFILIACION_RELACIONADA,0.55,,
PROYECTO::2-s2.0-85213954883,PAIS::colombia,PAIS_RELACIONADO,0.1,,
FRAGMENTO::2-s2.0-85213954883::resumen::7,"INDICADOR::el proyecto contribuye a consolidar redes de colaboracion y alianzas entre comunidades, organizaciones e instituciones.",EVIDENCIA_CANDIDATA_DE,0.475465,0.475465,resumen
FRAGMENTO::2-s2.0-85213954883::resumen::7,INDICADOR::el proyecto utiliza tecnologia para maximizar el impacto positivo en comunidades o actores destinatarios.,EVIDENCIA_CANDIDATA_DE,0.464976,0.464976,resumen
FRAGMENTO::2-s2.0-85213954883::resumen::7,INDICADOR::el proyecto desarrolla productos tecnologicos con participacion de actores no academicos o sectores aplicados.,EVIDENCIA_CANDIDATA_DE,0.460792,0.460792,resumen
PROYECTO::titulo_anio:modelo de referencia para la deteccion de eventos de contaminacion industrial basado en una red de sensores [a reference model for detection of industrial pollution events based on a sensors network|2016,FRAGMENTO::titulo_anio:modelo de referencia para la deteccion de eventos de contaminacion industrial basado en una red de sensores [a reference model for detection of industrial pollution events based on a sensors network|2016::facultad::1,CONTIENE,1.0,,
PROYECTO::titulo_anio:modelo de referencia para la deteccion de eventos de contaminacion industrial basado en una red de sensores [a reference model for detection of industrial pollution events based on a sensors network|2016,FRAGMENTO::titulo_anio:modelo de referencia para la deteccion de eventos de contaminacion industrial basado en una red de sensores [a reference model for detection of industrial pollution events based on a sensors network|2016::programa_creacion::2,CONTIENE,1.0,,
PROYECTO::titulo_anio:modelo de referencia para la deteccion de eventos de contaminacion industrial basado en una red de sensores [a reference model for detection of industrial pollution events based on a sensors network|2016,FRAGMENTO::titulo_anio:modelo de referencia para la deteccion de eventos de contaminacion industrial basado en una red de sensores [a reference model for detection of industrial pollution events based on a sensors network|2016::tipo_documental::3,CONTIENE,1.0,,
PROYECTO::titulo_anio:modelo de referencia para la deteccion de eventos de contaminacion industrial basado en una red de sensores [a reference model for detection of industrial pollution events based on a sensors network|2016,FRAGMENTO::titulo_anio:modelo de referencia para la deteccion de eventos de contaminacion industrial basado en una red de sensores [a reference model for detection of industrial pollution events based on a sensors network|2016::investigador_docente::4,CONTIENE,1.0,,
PROYECTO::titulo_anio:modelo de referencia para la deteccion de eventos de contaminacion industrial basado en una red de sensores [a reference model for detection of industrial pollution events based on a sensors network|2016,FRAGMENTO::titulo_anio:modelo de referencia para la deteccion de eventos de contaminacion industrial basado en una red de sensores [a reference model for detection of industrial pollution events based on a sensors network|2016::anio::5,CONTIENE,1.0,,
PROYECTO::titulo_anio:modelo de referencia para la deteccion de eventos de contaminacion industrial basado en una red de sensores [a reference model for detection of industrial pollution events based on a sensors network|2016,FRAGMENTO::titulo_anio:modelo de referencia para la deteccion de eventos de contaminacion industrial basado en una red de sensores [a reference model for detection of industrial pollution events based on a sensors network|2016::nombre_producto::6,CONTIENE,1.0,,
PROYECTO::titulo_anio:modelo de referencia para la deteccion de eventos de contaminacion industrial basado en una red de sensores [a reference model for detection of industrial pollution events based on a sensors network|2016,FRAGMENTO::titulo_anio:modelo de referencia para la deteccion de eventos de contaminacion industrial basado en una red de sensores [a reference model for detection of industrial pollution events based on a sensors network|2016::resumen::7,CONTIENE,1.0,,
PROYECTO::titulo_anio:modelo de referencia para la deteccion de eventos de contaminacion industrial basado en una red de sensores [a reference model for detection of industrial pollution events based on a sensors network|2016,FRAGMENTO::titulo_anio:modelo de referencia para la deteccion de eventos de contaminacion industrial basado en una red de sensores [a reference model for detection of industrial pollution events based on a sensors network|2016::resumen::8,CONTIENE,1.0,,
PROYECTO::titulo_anio:modelo de referencia para la deteccion de eventos de contaminacion industrial basado en una red de sensores [a reference model for detection of industrial pollution events based on a sensors network|2016,FRAGMENTO::titulo_anio:modelo de referencia para la deteccion de eventos de contaminacion industrial basado en una red de sensores [a reference model for detection of industrial pollution events based on a sensors network|2016::resumen::9,CONTIENE,1.0,,
PROYECTO::titulo_anio:modelo de referencia para la deteccion de eventos de contaminacion industrial basado en una red de sensores [a reference model for detection of industrial pollution events based on a sensors network|2016,FRAGMENTO::titulo_anio:modelo de referencia para la deteccion de eventos de contaminacion industrial basado en una red de sensores [a reference model for detection of industrial pollution events based on a sensors network|2016::resumen::10,CONTIENE,1.0,,
PROYECTO::titulo_anio:modelo de referencia para la deteccion de eventos de contaminacion industrial basado en una red de sensores [a reference model for detection of industrial pollution events based on a sensors network|2016,FRAGMENTO::titulo_anio:modelo de referencia para la deteccion de eventos de contaminacion industrial basado en una red de sensores [a reference model for detection of industrial pollution events based on a sensors network|2016::palabras_clave::11,CONTIENE,1.0,,
PROYECTO::titulo_anio:modelo de referencia para la deteccion de eventos de contaminacion industrial basado en una red de sensores [a reference model for detection of industrial pollution events based on a sensors network|2016,FRAGMENTO::titulo_anio:modelo de referencia para la deteccion de eventos de contaminacion industrial basado en una red de sensores [a reference model for detection of industrial pollution events based on a sensors network|2016::nombre_revista_libro::12,CONTIENE,1.0,,
PROYECTO::titulo_anio:modelo de referencia para la deteccion de eventos de contaminacion industrial basado en una red de sensores [a reference model for detection of industrial pollution events based on a sensors network|2016,FRAGMENTO::titulo_anio:modelo de referencia para la deteccion de eventos de contaminacion industrial basado en una red de sensores [a reference model for detection of industrial pollution events based on a sensors network|2016::fuente::13,CONTIENE,1.0,,
PROYECTO::titulo_anio:modelo de referencia para la deteccion de eventos de contaminacion industrial basado en una red de sensores [a reference model for detection of industrial pollution events based on a sensors network|2016,FRAGMENTO::titulo_anio:modelo de referencia para la deteccion de eventos de contaminacion industrial basado en una red de sensores [a reference model for detection of industrial pollution events based on a sensors network|2016::coautores::14,CONTIENE,1.0,,
PROYECTO::titulo_anio:modelo de referencia para la deteccion de eventos de contaminacion industrial basado en una red de sensores [a reference model for detection of industrial pollution events based on a sensors network|2016,FRAGMENTO::titulo_anio:modelo de referencia para la deteccion de eventos de contaminacion industrial basado en una red de sensores [a reference model for detection of industrial pollution events based on a sensors network|2016::afiliacion_coautores::15,CONTIENE,1.0,,
PROYECTO::titulo_anio:modelo de referencia para la deteccion de eventos de contaminacion industrial basado en una red de sensores [a reference model for detection of industrial pollution events based on a sensors network|2016,FRAGMENTO::titulo_anio:modelo de referencia para la deteccion de eventos de contaminacion industrial basado en una red de sensores [a reference model for detection of industrial pollution events based on a sensors network|2016::pais_coautores::16,CONTIENE,1.0,,
PROYECTO::titulo_anio:modelo de referencia para la deteccion de eventos de contaminacion industrial basado en una red de sensores [a reference model for detection of industrial pollution events based on a sensors network|2016,FACULTAD::ingenieria,PERTENECE_FACULTAD,0.35,,
PROYECTO::titulo_anio:modelo de referencia para la deteccion de eventos de contaminacion industrial basado en una red de sensores [a reference model for detection of industrial pollution events based on a sensors network|2016,PROGRAMA::inge arte,PERTENECE_PROGRAMA,0.4,,
PROYECTO::titulo_anio:modelo de referencia para la deteccion de eventos de contaminacion industrial basado en una red de sensores [a reference model for detection of industrial pollution events based on a sensors network|2016,"INVESTIGADOR::ruiz garcia, edgar enrique",TIENE_INVESTIGADOR,0.65,,
PROYECTO::titulo_anio:modelo de referencia para la deteccion de eventos de contaminacion industrial basado en una red de sensores [a reference model for detection of industrial pollution events based on a sensors network|2016,PALABRA_CLAVE::redes inalambricas de sensores,TIENE_PALABRA_CLAVE,0.7,,
PROYECTO::titulo_anio:modelo de referencia para la deteccion de eventos de contaminacion industrial basado en una red de sensores [a reference model for detection of industrial pollution events based on a sensors network|2016,PALABRA_CLAVE::telefonos inteligentes,TIENE_PALABRA_CLAVE,0.7,,
PROYECTO::titulo_anio:modelo de referencia para la deteccion de eventos de contaminacion industrial basado en una red de sensores [a reference model for detection of industrial pollution events based on a sensors network|2016,PALABRA_CLAVE::monitorizacion,TIENE_PALABRA_CLAVE,0.7,,
PROYECTO::titulo_anio:modelo de referencia para la deteccion de eventos de contaminacion industrial basado en una red de sensores [a reference model for detection of industrial pollution events based on a sensors network|2016,PALABRA_CLAVE::mineria de datos,TIENE_PALABRA_CLAVE,0.7,,
PROYECTO::titulo_anio:modelo de referencia para la deteccion de eventos de contaminacion industrial basado en una red de sensores [a reference model for detection of industrial pollution events based on a sensors network|2016,PALABRA_CLAVE::contaminacion industrial,TIENE_PALABRA_CLAVE,0.7,,
PROYECTO::titulo_anio:modelo de referencia para la deteccion de eventos de contaminacion industrial basado en una red de sensores [a reference model for detection of industrial pollution events based on a sensors network|2016,PALABRA_CLAVE::wireless sensor networks,TIENE_PALABRA_CLAVE,0.7,,
PROYECTO::titulo_anio:modelo de referencia para la deteccion de eventos de contaminacion industrial basado en una red de sensores [a reference model for detection of industrial pollution events based on a sensors network|2016,PALABRA_CLAVE::smartphones,TIENE_PALABRA_CLAVE,0.7,,
PROYECTO::titulo_anio:modelo de referencia para la deteccion de eventos de contaminacion industrial basado en una red de sensores [a reference model for detection of industrial pollution events based on a sensors network|2016,PALABRA_CLAVE::monitoring,TIENE_PALABRA_CLAVE,0.7,,
PROYECTO::titulo_anio:modelo de referencia para la deteccion de eventos de contaminacion industrial basado en una red de sensores [a reference model for detection of industrial pollution events based on a sensors network|2016,PALABRA_CLAVE::data mining,TIENE_PALABRA_CLAVE,0.7,,
PROYECTO::titulo_anio:modelo de referencia para la deteccion de eventos de contaminacion industrial basado en una red de sensores [a reference model for detection of industrial pollution events based on a sensors network|2016,PALABRA_CLAVE::industrial pollution,TIENE_PALABRA_CLAVE,0.7,,
PROYECTO::titulo_anio:modelo de referencia para la deteccion de eventos de contaminacion industrial basado en una red de sensores [a reference model for detection of industrial pollution events based on a sensors network|2016,"COAUTOR::acevedo-moreno, j. m.",TIENE_COAUTOR,0.65,,
PROYECTO::titulo_anio:modelo de referencia para la deteccion de eventos de contaminacion industrial basado en una red de sensores [a reference model for detection of industrial pollution events based on a sensors network|2016,"COAUTOR::ruiz-garcia, e. e.",TIENE_COAUTOR,0.65,,
PROYECTO::titulo_anio:modelo de referencia para la deteccion de eventos de contaminacion industrial basado en una red de sensores [a reference model for detection of industrial pollution events based on a sensors network|2016,"COAUTOR::gonzalez-garcia, r. h.",TIENE_COAUTOR,0.65,,
PROYECTO::titulo_anio:modelo de referencia para la deteccion de eventos de contaminacion industrial basado en una red de sensores [a reference model for detection of industrial pollution events based on a sensors network|2016,"COAUTOR::curiel-huerfano, m. j.",TIENE_COAUTOR,0.65,,
PROYECTO::titulo_anio:modelo de referencia para la deteccion de eventos de contaminacion industrial basado en una red de sensores [a reference model for detection of industrial pollution events based on a sensors network|2016,AFILIACION::pontificia universidad javeriana,AFILIACION_RELACIONADA,0.55,,
PROYECTO::titulo_anio:modelo de referencia para la deteccion de eventos de contaminacion industrial basado en una red de sensores [a reference model for detection of industrial pollution events based on a sensors network|2016,AFILIACION::universidad sergio arboleda,AFILIACION_RELACIONADA,0.55,,
PROYECTO::titulo_anio:modelo de referencia para la deteccion de eventos de contaminacion industrial basado en una red de sensores [a reference model for detection of industrial pollution events based on a sensors network|2016,PAIS::colombia,PAIS_RELACIONADO,0.1,,
FRAGMENTO::titulo_anio:modelo de referencia para la deteccion de eventos de contaminacion industrial basado en una red de sensores [a reference model for detection of industrial pollution events based on a sensors network|2016::resumen::7,"INDICADOR::nivel en que los resultados, metodologias o saberes generados por el proyecto son difundidos en formatos comprensibles, abiertos y reutilizables, y en que dichos materiales son efectivamente consultados y aprovechados por publicos diversos.",EVIDENCIA_CANDIDATA_DE,0.464685,0.464685,resumen
FRAGMENTO::titulo_anio:modelo de referencia para la deteccion de eventos de contaminacion industrial basado en una red de sensores [a reference model for detection of industrial pollution events based on a sensors network|2016::resumen::7,INDICADOR::el proyecto utiliza tecnologia para maximizar el impacto positivo en comunidades o actores destinatarios.,EVIDENCIA_CANDIDATA_DE,0.463444,0.463444,resumen
FRAGMENTO::titulo_anio:modelo de referencia para la deteccion de eventos de contaminacion industrial basado en una red de sensores [a reference model for detection of industrial pollution events based on a sensors network|2016::resumen::7,INDICADOR::el proyecto contribuye a prevenir riesgos en salud publica.,EVIDENCIA_CANDIDATA_DE,0.45612,0.45612,resumen
FRAGMENTO::titulo_anio:modelo de referencia para la deteccion de eventos de contaminacion industrial basado en una red de sensores [a reference model for detection of industrial pollution events based on a sensors network|2016::resumen::8,"INDICADOR::nivel en que los resultados, metodologias o saberes generados por el proyecto son difundidos en formatos comprensibles, abiertos y reutilizables, y en que dichos materiales son efectivamente consultados y aprovechados por publicos diversos.",EVIDENCIA_CANDIDATA_DE,0.619431,0.619431,resumen
FRAGMENTO::titulo_anio:modelo de referencia para la deteccion de eventos de contaminacion industrial basado en una red de sensores [a reference model for detection of industrial pollution events based on a sensors network|2016::resumen::8,INDICADOR::el proyecto desarrolla productos tecnologicos con participacion de actores no academicos o sectores aplicados.,EVIDENCIA_CANDIDATA_DE,0.601599,0.601599,resumen
FRAGMENTO::titulo_anio:modelo de referencia para la deteccion de eventos de contaminacion industrial basado en una red de sensores [a reference model for detection of industrial pollution events based on a sensors network|2016::resumen::8,INDICADOR::el proyecto genera desarrollos tecnologicos originales con aplicacion demostrada fuera del ambito academico.,EVIDENCIA_CANDIDATA_DE,0.590465,0.590465,resumen
FRAGMENTO::titulo_anio:modelo de referencia para la deteccion de eventos de contaminacion industrial basado en una red de sensores [a reference model for detection of industrial pollution events based on a sensors network|2016::resumen::9,INDICADOR::el proyecto contribuye a mejorar practicas productivas sostenibles en los sectores o territorios involucrados.,EVIDENCIA_CANDIDATA_DE,0.516161,0.516161,resumen
FRAGMENTO::titulo_anio:modelo de referencia para la deteccion de eventos de contaminacion industrial basado en una red de sensores [a reference model for detection of industrial pollution events based on a sensors network|2016::resumen::9,"INDICADOR::el proyecto desarrolla soluciones ambientales asociadas a servicios ecosistemicos, biodiversidad o sostenibilidad ambiental.",EVIDENCIA_CANDIDATA_DE,0.506705,0.506705,resumen
FRAGMENTO::titulo_anio:modelo de referencia para la deteccion de eventos de contaminacion industrial basado en una red de sensores [a reference model for detection of industrial pollution events based on a sensors network|2016::resumen::9,"INDICADOR::el proyecto genera mejoras sostenibles en el entorno ambiental, economico y social de los grupos de interes.",EVIDENCIA_CANDIDATA_DE,0.506694,0.506694,resumen
FRAGMENTO::titulo_anio:modelo de referencia para la deteccion de eventos de contaminacion industrial basado en una red de sensores [a reference model for detection of industrial pollution events based on a sensors network|2016::resumen::10,INDICADOR::el proyecto desarrolla productos tecnologicos con participacion de actores no academicos o sectores aplicados.,EVIDENCIA_CANDIDATA_DE,0.524663,0.524663,resumen
FRAGMENTO::titulo_anio:modelo de referencia para la deteccion de eventos de contaminacion industrial basado en una red de sensores [a reference model for detection of industrial pollution events based on a sensors network|2016::resumen::10,INDICADOR::el proyecto aplica tecnologias preexistentes de forma novedosa y contextualizada para resolver problemas locales.,EVIDENCIA_CANDIDATA_DE,0.523576,0.523576,resumen
FRAGMENTO::titulo_anio:modelo de referencia para la deteccion de eventos de contaminacion industrial basado en una red de sensores [a reference model for detection of industrial pollution events based on a sensors network|2016::resumen::10,INDICADOR::el proyecto genera desarrollos tecnologicos originales con aplicacion demostrada fuera del ambito academico.,EVIDENCIA_CANDIDATA_DE,0.503954,0.503954,resumen
FRAGMENTO::titulo_anio:modelo de referencia para la deteccion de eventos de contaminacion industrial basado en una red de sensores [a reference model for detection of industrial pollution events based on a sensors network|2016::palabras_clave::11,"INDICADOR::numero de redes relacionadas con politicas publicas en las que el proyecto ha participado o contribuido a crear, conformadas por actores de diversos sectores.",EVIDENCIA_CANDIDATA_DE,0.434222,0.434222,palabras_clave
FRAGMENTO::titulo_anio:modelo de referencia para la deteccion de eventos de contaminacion industrial basado en una red de sensores [a reference model for detection of industrial pollution events based on a sensors network|2016::palabras_clave::11,"INDICADOR::numero de productos (comunicados, articulos, blogs, libros, videos, material para redes sociales, entre otros) disenados y utilizados para comunicar los resultados del proyecto a publicos diversos.",EVIDENCIA_CANDIDATA_DE,0.431258,0.431258,palabras_clave
FRAGMENTO::titulo_anio:modelo de referencia para la deteccion de eventos de contaminacion industrial basado en una red de sensores [a reference model for detection of industrial pollution events based on a sensors network|2016::palabras_clave::11,INDICADOR::los resultados tecnologicos son desarrollados con potencial de comercializacion.,EVIDENCIA_CANDIDATA_DE,0.430934,0.430934,palabras_clave
PROYECTO::2-s2.0-85107701593,FRAGMENTO::2-s2.0-85107701593::facultad::1,CONTIENE,1.0,,
PROYECTO::2-s2.0-85107701593,FRAGMENTO::2-s2.0-85107701593::programa_creacion::2,CONTIENE,1.0,,
PROYECTO::2-s2.0-85107701593,FRAGMENTO::2-s2.0-85107701593::tipo_documental::3,CONTIENE,1.0,,
PROYECTO::2-s2.0-85107701593,FRAGMENTO::2-s2.0-85107701593::investigador_docente::4,CONTIENE,1.0,,
PROYECTO::2-s2.0-85107701593,FRAGMENTO::2-s2.0-85107701593::anio::5,CONTIENE,1.0,,
PROYECTO::2-s2.0-85107701593,FRAGMENTO::2-s2.0-85107701593::nombre_producto::6,CONTIENE,1.0,,
PROYECTO::2-s2.0-85107701593,FRAGMENTO::2-s2.0-85107701593::resumen::7,CONTIENE,1.0,,
PROYECTO::2-s2.0-85107701593,FRAGMENTO::2-s2.0-85107701593::resumen::8,CONTIENE,1.0,,
PROYECTO::2-s2.0-85107701593,FRAGMENTO::2-s2.0-85107701593::resumen::9,CONTIENE,1.0,,
PROYECTO::2-s2.0-85107701593,FRAGMENTO::2-s2.0-85107701593::palabras_clave::10,CONTIENE,1.0,,
PROYECTO::2-s2.0-85107701593,FRAGMENTO::2-s2.0-85107701593::nombre_revista_libro::11,CONTIENE,1.0,,
PROYECTO::2-s2.0-85107701593,FRAGMENTO::2-s2.0-85107701593::fuente::12,CONTIENE,1.0,,
PROYECTO::2-s2.0-85107701593,FRAGMENTO::2-s2.0-85107701593::coautores::13,CONTIENE,1.0,,
PROYECTO::2-s2.0-85107701593,FRAGMENTO::2-s2.0-85107701593::afiliacion_coautores::14,CONTIENE,1.0,,
PROYECTO::2-s2.0-85107701593,FRAGMENTO::2-s2.0-85107701593::pais_coautores::15,CONTIENE,1.0,,
PROYECTO::2-s2.0-85107701593,FRAGMENTO::2-s2.0-85107701593::financiadores::16,CONTIENE,1.0,,
PROYECTO::2-s2.0-85107701593,FACULTAD::medicina,PERTENECE_FACULTAD,0.35,,
PROYECTO::2-s2.0-85107701593,PROGRAMA::mega prime medicina,PERTENECE_PROGRAMA,0.4,,
PROYECTO::2-s2.0-85107701593,"INVESTIGADOR::gomez medina, ana maria",TIENE_INVESTIGADOR,0.65,,
PROYECTO::2-s2.0-85107701593,PALABRA_CLAVE::colombia,TIENE_PALABRA_CLAVE,0.7,,
PROYECTO::2-s2.0-85107701593,PALABRA_CLAVE::diabetes management,TIENE_PALABRA_CLAVE,0.7,,
PROYECTO::2-s2.0-85107701593,PALABRA_CLAVE::ehealth,TIENE_PALABRA_CLAVE,0.7,,
PROYECTO::2-s2.0-85107701593,PALABRA_CLAVE::telemedicine,TIENE_PALABRA_CLAVE,0.7,,
PROYECTO::2-s2.0-85107701593,PALABRA_CLAVE::usability study,TIENE_PALABRA_CLAVE,0.7,,
PROYECTO::2-s2.0-85107701593,"COAUTOR::leon-vargas, fabian",TIENE_COAUTOR,0.65,,
PROYECTO::2-s2.0-85107701593,"COAUTOR::martin, clare",TIENE_COAUTOR,0.65,,
PROYECTO::2-s2.0-85107701593,"COAUTOR::garcia-jaramillo, maira",TIENE_COAUTOR,0.65,,
PROYECTO::2-s2.0-85107701593,"COAUTOR::aldea, arantza",TIENE_COAUTOR,0.65,,
PROYECTO::2-s2.0-85107701593,"COAUTOR::leal, yenny",TIENE_COAUTOR,0.65,,
PROYECTO::2-s2.0-85107701593,"COAUTOR::herrero, pau",TIENE_COAUTOR,0.65,,
PROYECTO::2-s2.0-85107701593,"COAUTOR::reyes, angie",TIENE_COAUTOR,0.65,,
PROYECTO::2-s2.0-85107701593,"COAUTOR::henao, diana",TIENE_COAUTOR,0.65,,
PROYECTO::2-s2.0-85107701593,"COAUTOR::gomez, ana maria",TIENE_COAUTOR,0.65,,
PROYECTO::2-s2.0-85107701593,AFILIACION::institut d'investigacio biomedica de girona dr. josep trueta,AFILIACION_RELACIONADA,0.55,,
PROYECTO::2-s2.0-85107701593,AFILIACION::universidad ean,AFILIACION_RELACIONADA,0.55,,
PROYECTO::2-s2.0-85107701593,AFILIACION::universidad antonio narino,AFILIACION_RELACIONADA,0.55,,
PROYECTO::2-s2.0-85107701593,AFILIACION::hospital universitario san ignacio,AFILIACION_RELACIONADA,0.55,,
PROYECTO::2-s2.0-85107701593,AFILIACION::imperial college london,AFILIACION_RELACIONADA,0.55,,
PROYECTO::2-s2.0-85107701593,AFILIACION::oxford brookes university,AFILIACION_RELACIONADA,0.55,,
PROYECTO::2-s2.0-85107701593,PAIS::spain,PAIS_RELACIONADO,0.1,,
PROYECTO::2-s2.0-85107701593,PAIS::colombia,PAIS_RELACIONADO,0.1,,
PROYECTO::2-s2.0-85107701593,PAIS::united kingdom,PAIS_RELACIONADO,0.1,,
PROYECTO::2-s2.0-85107701593,FINANCIADOR::global challenges research fund networking grant scheme,TIENE_FINANCIADOR,0.65,,
FRAGMENTO::2-s2.0-85107701593::resumen::9,INDICADOR::el proyecto fortalece estrategias participativas de cuidado implementadas por distintos actores sociales.,EVIDENCIA_CANDIDATA_DE,0.506504,0.506504,resumen
FRAGMENTO::2-s2.0-85107701593::resumen::9,INDICADOR::el proyecto incluye procesos participativos de validacion tecnologica con usuarios reales.,EVIDENCIA_CANDIDATA_DE,0.473646,0.473646,resumen
FRAGMENTO::2-s2.0-85107701593::resumen::9,INDICADOR::el proyecto utiliza tecnologia para maximizar el impacto positivo en comunidades o actores destinatarios.,EVIDENCIA_CANDIDATA_DE,0.457447,0.457447,resumen
FRAGMENTO::2-s2.0-85107701593::palabras_clave::10,INDICADOR::el proyecto implementa acciones orientadas a mejorar la calidad de vida de personas en situacion de discapacidad.,EVIDENCIA_CANDIDATA_DE,0.464005,0.464005,palabras_clave
FRAGMENTO::2-s2.0-85107701593::palabras_clave::10,INDICADOR::el proyecto contribuye a prevenir riesgos en salud publica.,EVIDENCIA_CANDIDATA_DE,0.462433,0.462433,palabras_clave
FRAGMENTO::2-s2.0-85107701593::palabras_clave::10,INDICADOR::el proyecto fortalece estrategias participativas de cuidado implementadas por distintos actores sociales.,EVIDENCIA_CANDIDATA_DE,0.436612,0.436612,palabras_clave
