facultad,programa_creacion,fecha_creacion,veces_construido,eid,comentarios_firma,tipo_documental,cedula,investigador_docente,anio,nombre_producto,resumen,palabras_clave,doi,issn_isbn,nombre_revista_libro,editorial,fuente,coautores,afiliacion_coautores,pais_coautores,citas_scopus,afiliacion_citantes_scopus,pais_citantes_scopus,handle,financiadores,link_citas_google_scholar,citas_google_scholar,url_citantes_google_scholar,afiliacion_citantes_google_scholar,pais_citantes_google_scholar,tipos_documentales_citas_gs,id_proyecto,clave_consolidacion,fila_origen_evidencia,indicador_principal,otros_indicadores_claros,indicador_validado,categoria_indicador,confianza_indicador,campo_evidencia,evidencia_indicador,justificacion_indicador
INGENIERÍA,Inge26,2026-02-04,2,2-s2.0-105005783887,B | PUJ,ARTICLE,391564,"Pavlich Mariscal, Jaime Andres",2025,"Co-Designing, Developing, and Testing a Mental Health Platform for Young People Using a Participatory Design Methodology in Colombia: Mixed Methods Study","Background: Globally, mental health (MH) problems increasingly affect young people, contributing significantly to disability and disease. In low- and middle-income countries, such as Colombia, barriers to accessing care exacerbate the treatment gap. In addition, the lack of widespread digital interventions further deepens the digital health divide between the Global North and Global South, limiting equitable access to innovative MH solutions. Objective: This study aims to co-design and develop an MH platform using participatory design methodologies and conduct a 15-month naturalistic observational trial to assess its feasibility among Colombian youth. Methods: This study used a mixed methods approach within a structured research and development cycle. To ensure a user-centered design, we began with a series of co-design workshops, where stakeholders collaboratively identified key user needs. Following this, usability testing was conducted in 2 stages, alpha and beta, using the System Usability Scale (SUS) to assess functionality and user experience. To capture real-world interactions, a naturalistic observational trial ran from July 2022 to October 2023, collecting data on user engagement and system performance. This study integrated quantitative and qualitative analyses. Results: A total of 146 individuals participated in the co-design process, with 110 (75.3%) contributing to the development of platform components and 36 (24.7%) participating in usability testing. The co-designed platform integrated several key features, including social media and advertising, an MH screening tool, registration, targeted psychoeducational resources, automated tailored recommendations, and a ""track-as-you-go"" feature for continuous MH monitoring. Additional elements included user-friendly follow-up graphs, telecounseling integration, customizable well-being nudges, an emergency button, and gamification components to enhance engagement. During usability testing, the beta prototype received a median SUS score of 85.0 (IQR 80-92.5), indicating high usability. In the subsequent observational trial, which ran from July 2022 to October 2023, a total of 435 users interacted with the platform—314 (72.2%) as registered users and 121 (27.8%) anonymously. Emotional distress was prevalent, with 63.7% (200/314) of the registered users and 61.2% (74/121) of the anonymous users reporting distress, as measured by the 6-item Kessler Psychological Distress Scale. Despite 102 users requesting telecounseling, only 26.5% (27/102) completed a session. While usability scores remained high, engagement challenges emerged, with only 18.8% (59/314) of the users continuing platform use beyond the first day. Conclusions: This study explored the development and user experience of a youth MH platform in Colombia, demonstrating that a cocreation approach is both feasible and effective. By actively involving users throughout the design process, the platform achieved high usability and incorporated features that resonated with its target audience. However, sustaining long-term engagement remains a challenge, as does addressing privacy concerns, particularly for younger users. These findings highlight the importance of continuous user-centered refinement to enhance both accessibility and retention in digital MH interventions.",community-based participatory research | eHealth | help seeking | Latin America | low- and middle-income countries | medical informatics | mental health | patient participation | patient satisfaction | telemedicine,10.2196/66558,2292-9495,Jmir Human Factors,,Scopus,"Ospina-Pinillos, Laura; Shambo-Rodríguez, Débora L.; Sánchez-Nítola, Mónica Natalí; Morales, Alexandra; Gallego-Sanchez, Laura C.; Riaño-Fonseca, María Isabel; Bello-Tocancipá, Andrea Carolina; Navarro-Mancilla, Alvaro; Pavlich-Mariscal, Jaime A.; Pomares-Quimbaya, Alexandra; Gómez-Restrepo, Carlos; Hickie, Ian B.; Occhipinti, Jo An",Faculty of Medicine and Health; Pontificia Universidad Javeriana; Universidad Javeriana Facultad de Medicina; Computer Simulation & Advanced Research Technologies (CSART); Keralty Medical Centers; Medicalnet SAS,Australia; Colombia,3,The Second Xiangya Hospital of Central South University| Sun Yat-Sen University Cancer Center| The University of Texas at Austin| Florida International University| College of Engineering and Applied Science| Colliga Apps Corporation| The University of Edinburgh| Universität Hamburg| Pontificia Universidad Catolica del Peru| CRONICAS Centro de Excelencia en Enfermedades Crónicas,China| United States| United Kingdom| Germany| Peru,,,,,,,,,2-s2.0-105005783887,eid:2-s2.0-105005783887,213,El proyecto incluye procesos participativos de validación tecnológica con usuarios reales.,,El proyecto incluye procesos participativos de validación tecnológica con usuarios reales.,IMPACTO_MAS_ALLA_ACADEMIA,0.98,resumen,"A total of 146 individuals participated in the co-design process, with 110 (75.3%) contributing to the development of platform components and 36 (24.7%) participating in usability testing.","El proyecto documenta codiseño y pruebas de usabilidad de la plataforma con participantes, por lo que la validacion con usuarios es directa."
VICERRECTORIA DE INVESTIGACIÓN,Tanda Mega Prime,2026-03-24,1,2-s2.0-105014027137,B | PUJ,ARTICLE,1015401539,"Florez Florez, Maria Juliana",2025,Subverting patriarchal narratives: a feminist approach to critical video game design through participatory methods,"This article examines participatory design as a methodology for creating critical video games within the context of feminist pedagogy, focusing on the development of ""Poder Violeta 2."" The game aims to challenge sexual harassment experienced by women, feminized bodies, and gender and sexual dissidents in Bogotá's public transportation system, a context marked by some of the highest rates of insecurity for women. The design process for this new version prioritized the active involvement of women public transport users at all stages and enhanced the use of video game–specific resources, such as multiple playable characters and power-ups, to enrich gameplay and narrative depth. These strategies resulted in greater agency for the game's protagonists and more accurate representation of historically marginalized groups. Qualitative transformations were observed both in the player experience and within the largely male development team, as the participatory process fostered ongoing learning and co-creation. The outcomes support the value of participatory design in generating inclusive and representative video game content, highlighting the narrative and pedagogical potential of medium-specific elements while emphasizing the empowerment and participation of historically excluded communities as a reference for future projects.",critical video games | feminist pedagogy | participatory design | sexual harassment | video game design,10.3389/fsoc.2025.1596630,2297-7775,Frontiers in Sociology,,Scopus | CvLAC | Google Scholar,"Torres-Parra, Carlos Roberto; Florez-Florez, Maria Juliana; Cuervo, Roberto; Ramírez-Pérez, Omar Fernando; Fonseca, Oscar",Pontificia Universidad Javeriana,Colombia,0,,,,,,,,,,,2-s2.0-105014027137,eid:2-s2.0-105014027137,396,El proyecto cuenta con la participación activa y significativa de actores externos (académicos y/o no académicos) en distintas etapas del proceso investigativo.,,El proyecto cuenta con la participación activa y significativa de actores externos (académicos y/o no académicos) en distintas etapas del proceso investigativo.,CONDICIONES_COLABORACION,0.99,resumen,The design process for this new version prioritized the active involvement of women public transport users at all stages,El texto afirma participacion activa de usuarias externas en todas las etapas del diseno del videojuego.
PSICOLOGÍA,Tanda Mega Prime,2026-03-24,1,2-s2.0-105014099823,B | PUJ,ARTICLE,79622056,"Garcia Olaya, Yors Alexander",2025,"Enhancing medication adherence, depression, and values-based behaviors in HIV-positive individuals through acceptance and commitment therapy: A pilot study","This pilot study evaluated the impact of the Acceptance and Commitment Therapy (ACT) matrix on values-driven behaviors, medication adherence, viral load, and depression among individuals living with HIV in a middle-income country. A randomized, non-concurrent multiple baseline design across four participants was employed. Outcomes were assessed at baseline, post-intervention, and follow-up, with daily tracking of values-driven behaviors and medication adherence throughout. Participants underwent a 7-session ACT matrix training. Results revealed increases in values-driven behaviors and improvements in medication adherence across all participants. Viral loads decreased for three participants, with two achieving undetectable levels. Depression scores improved for three participants, with changes sustained through follow-up. Participants described the intervention as acceptable and relevant to addressing adherence barriers and mental health concerns. Findings underscore the potential for ACT to enhance antiretroviral adherence and psychological outcomes in middle-income countries, offering a scalable, culturally adaptable intervention for improving HIV care.",Acceptance and commitment therapy | ACT matrix | Depression | HIV | Medication adherence | Psychological flexibility | Values-based behavior,10.1016/j.jcbs.2025.100921,2212-1447,Journal of Contextual Behavioral Science,,Scopus | Google Scholar,"Téllez, Mariana; García, Yors",Pontificia Universidad Javeriana; Hospital Universitario San Ignacio,Colombia,0,,,,,,,,,,,2-s2.0-105014099823,eid:2-s2.0-105014099823,400,El proyecto fortalece el bienestar físico y mental de la población.,,El proyecto fortalece el bienestar físico y mental de la población.,IMPACTO_MAS_ALLA_ACADEMIA,0.97,resumen,"Results revealed increases in values-driven behaviors and improvements in medication adherence across all participants. Viral loads decreased for three participants, with two achieving undetectable levels. Depression scores improved for three participants, with changes sustained through follow-up.","La intervencion aplicada reporta mejoras sostenidas en depresion y adherencia, con resultados clinicos medidos en los participantes."
MEDICINA,Visita Psiquiatria,2025-11-13,1,2-s2.0-105020034198,B | PUJ Medicina | HUSI,ARTICLE,79148639,"Gomez Restrepo, Carlos",2023,Development and Implementation of DIALOG+S in the School Setting as a Tool for Promoting Adolescent Mental Well-Being and Resilience in a Post–Armed Conflict Area in Colombia: Exploratory Cluster Randomized Controlled Trial,"Background: Educational settings are ideal for promoting mental well-being and resilience in children. The challenges of the COVID-19 pandemic made evident the important role that teachers and school counselors play in the mental health of their students. Therefore, it is imperative to develop and implement cost-effective interventions that allow them to identify and address mental health problems early, especially in post–armed conflict areas, to reduce the burden of mental disorders in this population. Objective: This study aimed to adapt an existing patient-focused digital intervention called DIALOG+ from an adult clinical setting to an adolescent educational setting and to assess the feasibility, acceptability, and estimated effect of implementing this intervention as a tool for promoting quality of life, mental well-being, and resilience. Methods: We conducted an exploratory mixed methods study in 2 public schools in postconflict areas in Tolima, Colombia. This study was conducted in 3 phases. In the adaptation phase, focus groups were conducted with students and teachers to identify changes required in DIALOG+ for it to be used in the school setting. The exploration phase consisted of an exploratory cluster randomized controlled trial. A total of 14 clusters, each with 1 teacher and 5 students, were randomly allocated to either the experimental (DIALOG+S) group or to an active control group (counseling as usual). Teachers in both groups delivered the intervention once a month for 6 months. Through screening scales, information was collected on mental health symptoms, quality of life, self-esteem, resilience, and family functionality before and after the intervention. Finally, the consolidation phase explored the experiences of teachers and students with DIALOG+S using focus group discussions. Results: The changes suggested by participants in the adaptation phase highlighted the central importance of the school setting in the mental health of adolescents. In the exploratory phase, 70 participants with a mean age of 14.69 (SD 2.13) years were included. Changes observed in the screening scale scores of the intervention group suggest that the DIALOG+S intervention has the potential to improve aspects of mental health, especially quality of life, resilience, and emotional symptoms. The consolidation phase showed that stakeholders felt that using this intervention in the school setting was feasible, acceptable, and an enriching experience that generated changes in the perceived mental health and behavior of participants. Conclusions: Our results are encouraging and show that the DIALOG+S intervention is feasible and acceptable as a promising opportunity to promote well-being and prevent and identify mental health problems in the school context in a postconflict area in Colombia. Larger, fully powered studies are warranted to properly assess the efficacy and potential impact of the intervention and to refine implementation plans. Trial Registration: International Standard Randomised Controlled Trial Number (ISRCTN) registry ISRCTN14396374; https://www.isrctn.com/ISRCTN14396374",adolescents | armed conflict | DIALOG+ | DIALOG+S | digital intervention | mental health | mobile phone | psychosocial intervention | school,10.2196/46757,2561-326X,Jmir Formative Research,,Scopus,"Gómez-Restrepo, Carlos; Sarmiento-Suárez, María José; Alba-Saavedra, Magda; Calvo-Valderrama, Maria Gabriela; Rincón-Rodríguez, Carlos Javier; Bird, Victoria Jane; Priebe, Stefan; van Loggerenberg, Francois",Barts and The London School of Medicine and Dentistry; Hospital Universitario San Ignacio; East London NHS Foundation Trust; Universidad Javeriana Facultad de Medicina,United Kingdom; Colombia,8,"CRONICAS Centro de Excelencia en Enfermedades Crónicas| University of Oklahoma College of Medicine| The University of Tulsa| W. P. Carey School of Business| Price College of Business| Stockholms universitet| Högskolan i Halmstad| Southwest University| The University of Sydney| Pontificia Universidad Javeriana| Universidad Javeriana Facultad de Medicina| Colsanitas| University of Strathclyde| University of Michigan, Ann Arbor| U.S. Department of Education| Novi High School| Lalaji Memorial Omega International School| Michigan Online School| University of Toronto| Monash University| UNSW Sydney| Karolinska Institutet| Helsingin Yliopisto| Universität Zürich| Vrije Universiteit Amsterdam| Universidad de Granada| Radboud University Medical Center| Universitetet i Bergen| Deakin University| Boston University Chobanian & Avedisian School of Medicine| Università degli Studi di Verona| Lovely Professional University| Haukeland Universitetssjukehus| Fordham University| Faculty of Health and Medical Sciences| Faculdade de Medicina da Universidade de Lisboa| Bharath Institute of Higher Education and Research| Prins Leopold Instituut voor Tropische Geneeskunde| University of South-Eastern Norway| University of South Carolina School of Medicine Columbia| Lingnan University, Hong Kong| Manonmaniam Sundaranar University| Saveetha Medical College and Hospital| Centro de Investigação em Tecnologias e Serviços de Saúde, Porto| Mykolas Romeris University| National Pirogov Memorial Medical University, Vinnytsya| The Aga Khan University Kenya| Dilla University| JSS College of Pharmacy, Mysore| University of Mostar| Nursing School of Coimbra| Tilburg Law School| Amsterdam UMC| National Academy of Medical Sciences| Region Stockholm| Vitalmed Helsinki Sleep Clinic| Research Department| Anxiety and Resilience| M. S. Chellamuthu Trust and Research Foundation| Baldaeus Theological College| IMA World Health| National Centre for Optics, Vision and Eye Care| All India Institute of Training and Education (AIITE)",Peru| United States| Sweden| China| Australia| Colombia| United Kingdom| India| Canada| Finland| Switzerland| Netherlands| Spain| Norway| Italy| Portugal| Belgium| Hong Kong| Lithuania| Ukraine| Kenya| Ethiopia| Bosnia and Herzegovina| Sri Lanka| Democratic Republic Congo,,,,,,,,,2-s2.0-105020034198,eid:2-s2.0-105020034198,542,El proyecto incluye procesos participativos de validación tecnológica con usuarios reales.,,El proyecto incluye procesos participativos de validación tecnológica con usuarios reales.,IMPACTO_MAS_ALLA_ACADEMIA,0.97,resumen,"In the adaptation phase, focus groups were conducted with students and teachers to identify changes required in DIALOG+ for it to be used in the school setting.",La adaptacion de la intervencion digital se realizo con estudiantes y docentes usuarios del contexto de aplicacion.
INGENIERÍA,Inge Abril,2025-04-04,1,2-s2.0-85049317946,B | PUJ,ARTICLE,16865144,"Colorado Montaño, Julian David",2018,Monitoring air pollution by combining a static infrastructure with a participatory sensing approach: Design and performance evaluation,"Participatory Sensing (PS) is a new fast-growing sensing approach that involves the participation of mobile phone users, and the corresponding communication infrastructure, to create a large-scale monitoring system. Using PS-based system makes it possible to measure and detect variables and events with an improvement in spatial and time resolution over traditional monitoring system. Pollution-Spots proposes an air pollution monitoring solution by means of using an infrastructure of fixed low-cost sensing devices, and reporting the measurements using a PS approach. The sensing devices acquire the variables and the pedestrian forwards this information, completing the cycle with no extra cost of data transport and/or human resources. However, including humans to the sensing loop, rises new challenges, such as protecting user private data, motivating user's participation, and reducing mobile phone's power consumption, all while maintaining the quality of the collected data. Pollution-Spots proposes a combined algorithm that protects the participant's private information and also implements a gamification technique to encourage the participation without any monetary reward. The proposed system has proven to be energy efficient when compared to similar approaches, with the additional benefit of considering the quality of the collected information, which is normally affected by privacy protection algorithms.",Air pollution | Incentives | Participatory sensing | Privacy protection,10.2495/SDP-V13-N4-638-652,1743-7601,International Journal of Sustainable Development and Planning,,Scopus | CvLAC,"Mendez, Diego; Colorado, Julian; Rodriguez, Laura; Chacon, Andres; Hernandez, Mateo",Pontificia Universidad Javeriana,Colombia,6,Jadavpur University| University of Ottawa| Watts Water Technologies| Alma Mater Studiorum Università di Bologna| Consiglio Nazionale delle Ricerche| University of Birjand| Pontificia Universidad Javeriana,India| Canada| United States| Italy| Iran| Colombia,,Universidad de la República Uruguay,,,,,,,2-s2.0-85049317946,eid:2-s2.0-85049317946,1590,"El proyecto desarrolla soluciones ambientales asociadas a servicios ecosistémicos, biodiversidad o sostenibilidad ambiental.",,"El proyecto desarrolla soluciones ambientales asociadas a servicios ecosistémicos, biodiversidad o sostenibilidad ambiental.",IMPACTO_MAS_ALLA_ACADEMIA,0.93,resumen,"Pollution-Spots proposes an air pollution monitoring solution by means of using an infrastructure of fixed low-cost sensing devices, and reporting the measurements using a PS approach.",El producto desarrollado se identifica expresamente como una solucion de monitoreo de contaminacion atmosferica.
MEDICINA,Mega Prime Medicina,2025-12-09,2,2-s2.0-85131371279,B | PUJ Medicina | HUSI,ARTICLE,71607703,"Cano Gutierrez, Carlos Alberto",2022,A nutritionally focused program for community-living older adults resulted in improved health and well-being,"Objectives: Among older adults, malnutrition is common and is associated with increased risk for impaired health and functionality, conditions further associated with poorer quality of life. In this study of community-living older adults, our objective was to quantify outcome changes following identification and treatment of malnutrition or its risk. Design: Our intervention was a nutritional quality improvement program (QIP). The nutritional QIP included: (i) education of participants about the importance of complete and balanced macro- and micronutrient intake plus physical exercise, (ii) nutritional intervention with dietary counseling; and (iii) provision of oral nutritional supplements (ONS) for daily intake over 60 days. Follow-up measurements took place 30 days after ONS treatment ended, i.e., 90 days after start of intervention. Setting and participants: We recruited 618 transitional-care, chronically ill, older adults (>60 years) with malnutrition/risk (per Mini Nutrition Assessment-Short Form, MNA-SF) from the outpatient clinic of Hospital Universitario San Ignacio, in Bogotá, Colombia. Methods: For pre-post comparisons, we examined cognition (Mini-Mental State Exam, MMSE), physical abilities (Barthel Activities of Daily Living, ADL; Short Physical Performance Battery, SPPB), affective disorder status (Global Depression Scale, GDS), and quality of life (QoL; EuroQoL-5D-3L, EQ-5D-3L; EuroQoL-Visual Analog Scale, EQ-VAS). Results: Participants were mean age 74.1 ± 8.7 y, female majority (69.4%), and had an average of 2.6 comorbidities with cardiovascular and respiratory diseases predominant (28.5%). QIP-based nutritional intervention led to significant improvements in cognitive (MMSE) and physical functions (ADL and SPPB), affective disorder status (GDS), and health-related quality of life (EQ-VAS); all differences (P < 0.001). Self-reported QoL (EQ-5D-3L) also improved. Conclusions and implications: Over 90 days, the nutritional QIP led to improvements in all measured outcomes, thus highlighting the importance of addressing malnutrition or its risk among community-living older adults. From a patient's perspective, maintaining mental and physical function are important and further linked with quality of life. Brief summary: For older, community-living adults, nutrition care can improve health and well-being outcomes. Care includes screening for malnutrition risk, dietary and exercise counseling, and daily nutritional supplements when needed. ClinicalTrials.gov Identifier: NCT04042987.",Activities of daily living | Functionality | Nutrition | Older adults | Oral nutritional supplement | Quality of life,10.1016/j.clnu.2022.05.003,0261-5614,Clinical Nutrition,,Scopus,"Gomez, Gabriel; Botero-Rodríguez, Felipe; Misas, Juan Diego; Garcia-Cifuentes, Elkin; Sulo, Suela; Brunton, Cory; Venegas-Sanabria, Luis Carlos; Gracia, Daniela Alejandra; Cano Gutierrez, Carlos Alberto","Hospital Universitario Mayor Méderi; Pontificia Universidad Javeriana; Universidad del Rosario; Hospital Universitario San Ignacio; Abbott Laboratories, Bogotá; Abbott Laboratories, Abbott Park; Abbott Laboratories, Columbus",Colombia; United States,,,,,Abbott Laboratories,,,,,,,2-s2.0-85131371279,eid:2-s2.0-85131371279,5877,El proyecto fortalece el bienestar físico y mental de la población.,,El proyecto fortalece el bienestar físico y mental de la población.,IMPACTO_MAS_ALLA_ACADEMIA,0.99,resumen,"QIP-based nutritional intervention led to significant improvements in cognitive (MMSE) and physical functions (ADL and SPPB), affective disorder status (GDS), and health-related quality of life (EQ-VAS); all differences (P < 0.001).","La intervencion nutricional aplicada reporta mejoras significativas y medidas en funcion fisica, estado afectivo y calidad de vida."
ESTUDIOS AMBIENTALES Y RURALES,Visita FEAR,2025-11-10,1,2-s2.0-85213377303,B | PUJ,ARTICLE,52385047,"Echeverry Galvis, María Angela",2024,Software codesign between end users and developers to enhance utility for biodiversity conservation,"Creating software tools that address the needs of a wide range of decision-makers requires the inclusion of differing perspectives throughout the development process. Software tools for biodiversity conservation often fall short in this regard, partly because broad decision-maker needs may exceed the toolkits of single research groups or even institutions. We show that participatory, collaborative codesign enhances the utility of software tools for better decision-making in biodiversity conservation planning, as demonstrated by our experiences developing a set of integrated tools in Colombia. Specifically, we undertook an interdisciplinary, multi-institutional collaboration of ecological modelers, software engineers, and a diverse profile of potential end users, including decision-makers, conservation practitioners, and biodiversity experts. We leveraged and modified common paradigms of software production, including codesign and agile development, to facilitate collaboration through all stages (including conceptualization, development, testing, and feedback) to ensure the accessibility and applicability of the new tools to inform decision-making for biodiversity conservation planning.",applied ecology | biodiversity | biogeography | conservation | informatics,10.1093/biosci/biae097,0006-3568,Bioscience,,Scopus | Google Scholar,"Blair, Mary E.; Noguera-Urbano, Elkin A.; Ochoa-Quintero, Jose Manuel; Paz, Andrea; Lopez-Gallego, Cristina; Echeverry-Galvis, María Ángela; Zuloaga, Juan; Rodríguez, Pilar; Lemus-Mejia, Leonardo; Ersts, Peter; López-Lozano, Daniel F.; Aiello-Lammens, Matthew E.; Arango, Hector M.; Buitrago, Leonardo; Chang Triguero, Samuel; Cruz-Rodríguez, Cristian A.; Díaz-Nieto, Juan F.; Escobar, Dairo; Grisales-Betancur, Valentina; Johnson, Bethany A.; Kass, Jamie M.; Londoño-Murcia, María C.; Merow, Cory; Muñoz-Rodríguez, Carlos J.; Olaya-Rodríguez, María Helena; Parra, Juan L.; Pinilla-Buitrago, Gonzalo E.; Roach, Nicolette S.; Rojas-Soto, Octavio; Roncancio-Duque, Néstor; Suárez-Valencia, Erika; Urbina-Cardona, J. Nicolás; Velásquez-Tibatá, Jorge; Zapata-Martinez, Camilo A.; Anderson, Robert P.","Université McGill; National Audubon Society; Instituto Amazónico de Investigaciones Científicas-Sinchi; Parque Nacional Natural Las Hermosas; Instituto de Ecología, A.C.; Texas A&M University; University of Connecticut; Tohoku University; The City University of New York; El Globo Nature Reserve; Universidad EAFIT; Universidad Nacional de Colombia; American Museum of Natural History; Instituto de Investigación de Recursos Biológicos Alexander von Humboldt; ETH Zürich; University of Montreal; Universidad de Antioquia; Pontificia Universidad Javeriana; Comisión Nacional para el Conocimiento y Uso de la Biodiversidad; ProCAT Colombia; Pace University; Global Biodiversity Information Facility; Independent Researcher",Canada; United States; Japan; Colombia; Mexico; Switzerland;,,,,,National Aeronautics and Space Administración | National Science Foundation,,,,,,,2-s2.0-85213377303,eid:2-s2.0-85213377303,9125,El proyecto cuenta con la participación activa y significativa de actores externos (académicos y/o no académicos) en distintas etapas del proceso investigativo.,,El proyecto cuenta con la participación activa y significativa de actores externos (académicos y/o no académicos) en distintas etapas del proceso investigativo.,CONDICIONES_COLABORACION,0.99,resumen,"Specifically, we undertook an interdisciplinary, multi-institutional collaboration of ecological modelers, software engineers, and a diverse profile of potential end users, including decision-makers, conservation practitioners, and biodiversity experts. We leveraged and modified common paradigms of software production, including codesign and agile development, to facilitate collaboration through all stages (including conceptualization, development, testing, and feedback)",El proyecto especifica colaboracion de usuarios finales y otros actores externos durante todas las etapas de desarrollo del software.
INGENIERÍA,Inge Arte,2025-09-15,2,2-s2.0-85213954883,B | PUJ,CONFERENCE PAPER,391564,"Pavlich Mariscal, Jaime Andres",2024,Estudia: A Recommendation System for Higher Education Career Choice,"This paper presents a mobile application, called Estudia, to establish a closer connection between higher education institutions and individuals, considering their social and territorial context, interests, and skills. This application is expected to serve as a professional guidance tool for Colombians students interested in enrolling in technical academic programs. Estudia utilizes user information to suggest programs near their place of residence, providing a personalized offer that suits their specific characteristics and needs. This paper describes Estudia's User Model tailored to the students' characteristics and contexts, and academic programs. This paper also describes the design and implementation of the application in a functional prototype, along with tests and validations conducted with real users.",,10.1007/978-3-031-75236-0_28,1865-0929,Communications in Computer and Information Science,,Scopus,"Paez-Ramos, Miguel A.; Carrillo-Ramos, Angela; Pavlich-Mariscal, Jaime A.",Pontificia Universidad Javeriana,Colombia,0,,,,,,,,,,,2-s2.0-85213954883,eid:2-s2.0-85213954883,9142,El proyecto incluye procesos participativos de validación tecnológica con usuarios reales.,,El proyecto incluye procesos participativos de validación tecnológica con usuarios reales.,IMPACTO_MAS_ALLA_ACADEMIA,0.97,resumen,"This paper also describes the design and implementation of the application in a functional prototype, along with tests and validations conducted with real users.",El resumen declara de forma expresa pruebas y validaciones del prototipo funcional con usuarios reales.
INGENIERÍA,Inge Arte,2025-09-15,2,,B | PUJ,ARTÍCULO,19420165,"Ruiz Garcia, Edgar Enrique",2016,Modelo de referencia para la detección de eventos de contaminación industrial basado en una red de sensores [A reference model for detection of industrial pollution events based on a sensors network,"La contaminación industrial es un aspecto que está afectando en forma importante la sostenibilidad del planeta. Para poder manejar la contaminación, el primer paso es detectarla tan pronto como ésta ocurra, de ahí la importancia de la recolección oportuna de datos. Actualmente la tecnología nos da un gran soporte para esta tarea porque se cuenta con redes de sensores que, al estar en el ambiente, permiten recolectar grandes cantidades de datos. Si estos datos son procesados de forma adecuada, pueden ayudar en la detección temprana de focos de contaminación. No obstante, hay que enfrentar el problema de manejar de forma efectiva una gran cantidad de datos provenientes de dispositivos heterogéneos, que incluyen tanto a los sensores tradicionales o motas de las redes inalámbricas de sensores, como a los sensores ubicados en teléfonos inteligentes. El manejo de esta heterogeneidad motivó a diseñar un modelo de referencia que sirviera de guía para realizar las funciones de detección, almacenamiento, procesamiento y visualización/publicación de los datos, usando las tecnologías más adecuadas. La idea es que este modelo de referencia pueda posteriormente ser instanciado con componentes de hardware y software específicos, que respondan a las necesidades de determinadas empresas o entes gubernamentales, interesados en tomar acciones preventivas o correctivas sobre la contaminación ambiental. En este artículo se presenta el modelo de referencia propuesto y se describe un prototipo que instancia este modelo. El prototipo desarrollado está enfocado en la medición de la contaminación auditiva en una empresa del sector automotriz en Bogotá. La información obtenida con el prototipo fue utilizada para tomar medidas preventivas para el control de focos de contaminación auditiva por parte de la empresa. Industrial pollution is significantly affecting the sustainability of the planet. A data collection process allows us to review the contamination levels, and take actions in a timely manner. Nowadays wireless sensor networks support the collection of large amounts of environmental data. If these data are properly processed, they can be used in the detection of pollution sources, and in the design of preventive -or corrective- strategies to deal with it. However, this requires to effectively manage large amount of data obtained from heterogeneous devices, including not only data from traditional sensors or motes of wireless sensor networks, but also from sensors within Smartphones. In order to handle this heterogeneity, we design a reference model that serves as a guide to combine the technologies of storage, processing and presentation of the data. This model can then be instantiated with specific hardware and software components that meet the needs of companies or government agencies interested in dealing with environmental pollution. In this article, the proposed reference model is presented, in conjunction with a prototype that can be used to solve problems of noise pollution in an automotive company located in Bogota.",Redes inalámbricas de sensores | Teléfonos inteligentes | Monitorización | Minería de datos | Contaminación industrial | Wireless sensor networks | Smartphones | Monitoring | Data mining | Industrial pollution,,1657-8236,Revista GTI,,CvLAC,"Acevedo-Moreno, J. M.; Ruiz-García, E. E.; González-García, R. H.; Curiel-Huerfano, M. J.",Pontificia Universidad Javeriana; Universidad Sergio Arboleda,Colombia,,,,,,,,,,,,titulo_anio:modelo de referencia para la deteccion de eventos de contaminacion industrial basado en una red de sensores [a reference model for detection of industrial pollution events based on a sensors network|2016,titulo_anio:modelo de referencia para la deteccion de eventos de contaminacion industrial basado en una red de sensores [a reference model for detection of industrial pollution events based on a sensors network|2016,9955,El proyecto utiliza tecnología para maximizar el impacto positivo en comunidades o actores destinatarios.,,El proyecto utiliza tecnología para maximizar el impacto positivo en comunidades o actores destinatarios.,IMPACTO_MAS_ALLA_ACADEMIA,0.99,resumen,El prototipo desarrollado está enfocado en la medición de la contaminación auditiva en una empresa del sector automotriz en Bogotá. La información obtenida con el prototipo fue utilizada para tomar medidas preventivas para el control de focos de contaminación auditiva por parte de la empresa.,El prototipo fue usado por una empresa y su informacion se empleo para tomar medidas preventivas concretas.
MEDICINA,Mega Prime Medicina,2025-12-09,2,2-s2.0-85107701593,B | HUSI,ARTICLE,39786577,"Gomez Medina, Ana Maria",2021,Is a cloud-based platform useful for diabetes management in Colombia? The Tidepool experience,"Background: There are several medical devices used in Colombia for diabetes management, most of which have an associated telemedicine platform to access the data. In this work, we present the results of a pilot study evaluating the use of the Tidepool telemedicine platform for providing remote diabetes health services in Colombia across multiple devices. Method: Individuals with Type 1 and Type 2 diabetes using multiple diabetes devices were recruited to evaluate the user experience with Tidepool over three months. Two endocrinologists used the Tidepool software to maintain a weekly communication with participants reviewing the devices data remotely. Demographic, clinical, psychological and usability data were collected at several stages of the study. Results: Six participants, from ten at the baseline (five MDI and five CSII), completed this pilot study. Three different diabetes devices were employed by the participants: a glucose meter (Abbot), an intermittently-scanned glucose monitor (Abbot), and an insulin pump (Medtronic). A score of 81.3 in the system usability scale revealed that overall, most participants found the system easy to use, especially the web interface. The system also compared highly favourably against the proprietary platforms. The ability to upload and share data and communicate remotely with the clinicians was raised consistently by participants. Clinicians cited the lockdown imposed by the Covid-19 pandemic as a valuable test for this platform. Inability to upload data from mobile devices was identified as one of the main limitations. Conclusion: Tidepool has the potential to be used as a tool to facilitate remote diabetes care in Colombia. Users, both participants and clinicians, agreed to recommend the use of platforms like Tidepool to achieve better disease management and communication with the health care team. Some improvements were identified to enhance the user experience.",Colombia | Diabetes management | eHealth | Telemedicine | Usability study,10.1016/j.cmpb.2021.106205,0169-2607,Computer Methods and Programs in Biomedicine,,Scopus | CvLAC,"León-Vargas, Fabian; Martin, Clare; Garcia-Jaramillo, Maira; Aldea, Arantza; Leal, Yenny; Herrero, Pau; Reyes, Angie; Henao, Diana; Gomez, Ana María",Institut d'Investigació Biomèdica de Girona Dr. Josep Trueta; Universidad EAN; Universidad Antonio Nariño; Hospital Universitario San Ignacio; Imperial College London; Oxford Brookes University,Spain; Colombia; United Kingdom,,,,,Global Challenges Research Fund Networking Grant Scheme,,,,,,,2-s2.0-85107701593,eid:2-s2.0-85107701593,4679,El proyecto incluye procesos participativos de validación tecnológica con usuarios reales.,,El proyecto incluye procesos participativos de validación tecnológica con usuarios reales.,IMPACTO_MAS_ALLA_ACADEMIA,0.96,resumen,Individuals with Type 1 and Type 2 diabetes using multiple diabetes devices were recruited to evaluate the user experience with Tidepool over three months.,La plataforma fue evaluada durante tres meses por personas con diabetes que la usaron con sus dispositivos reales.
