id_proyecto,titulo,id_fragmento,campo_origen,id_indicador,indicador,categoria,ambito,score_semantico,evidencia_original
2-s2.0-105005783887,"Co-Designing, Developing, and Testing a Mental Health Platform for Young People Using a Participatory Design Methodology in Colombia: Mixed Methods Study",2-s2.0-105005783887::nombre_producto::6,nombre_producto,SAL-01,El proyecto fortalece el bienestar físico y mental de la población.,IMPACTO_MAS_ALLA_ACADEMIA,SALUD,0.529028,"Co-Designing, Developing, and Testing a Mental Health Platform for Young People Using a Participatory Design Methodology in Colombia: Mixed Methods Study"
2-s2.0-105005783887,"Co-Designing, Developing, and Testing a Mental Health Platform for Young People Using a Participatory Design Methodology in Colombia: Mixed Methods Study",2-s2.0-105005783887::nombre_producto::6,nombre_producto,COL-01,"El proyecto incorpora enfoques interdisciplinarios o transdisciplinarios tanto en el planteamiento del problema como en los métodos, tipos de análisis y perspectivas conceptuales utilizadas.",CONDICIONES_COLABORACION,,0.522887,"Co-Designing, Developing, and Testing a Mental Health Platform for Young People Using a Participatory Design Methodology in Colombia: Mixed Methods Study"
2-s2.0-105005783887,"Co-Designing, Developing, and Testing a Mental Health Platform for Young People Using a Participatory Design Methodology in Colombia: Mixed Methods Study",2-s2.0-105005783887::nombre_producto::6,nombre_producto,SAL-06,El proyecto fortalece estrategias participativas de cuidado implementadas por distintos actores sociales.,IMPACTO_MAS_ALLA_ACADEMIA,SALUD,0.49968,"Co-Designing, Developing, and Testing a Mental Health Platform for Young People Using a Participatory Design Methodology in Colombia: Mixed Methods Study"
2-s2.0-105005783887,"Co-Designing, Developing, and Testing a Mental Health Platform for Young People Using a Participatory Design Methodology in Colombia: Mixed Methods Study",2-s2.0-105005783887::resumen::7,resumen,SAL-01,El proyecto fortalece el bienestar físico y mental de la población.,IMPACTO_MAS_ALLA_ACADEMIA,SALUD,0.548309,"Background: Globally, mental health (MH) problems increasingly affect young people, contributing significantly to disability and disease. In low- and middle-income countries, such as Colombia, barriers to accessing care exacerbate the treatment gap. In addition, the lack of widespread digital interventions further deepens the digital health divide between the Global North and Global South, limiting equitable access to innovative MH solutions. Objective: This study aims to co-design and develop an MH platform using participatory design methodologies and conduct a 15-month naturalistic observational trial to assess its feasibility among Colombian youth. Methods: This study used a mixed methods approach within a structured research and development cycle."
2-s2.0-105005783887,"Co-Designing, Developing, and Testing a Mental Health Platform for Young People Using a Participatory Design Methodology in Colombia: Mixed Methods Study",2-s2.0-105005783887::resumen::7,resumen,SAL-03,El proyecto implementa acciones orientadas a mejorar la calidad de vida de personas en situación de discapacidad.,IMPACTO_MAS_ALLA_ACADEMIA,SALUD,0.48905,"Background: Globally, mental health (MH) problems increasingly affect young people, contributing significantly to disability and disease. In low- and middle-income countries, such as Colombia, barriers to accessing care exacerbate the treatment gap. In addition, the lack of widespread digital interventions further deepens the digital health divide between the Global North and Global South, limiting equitable access to innovative MH solutions. Objective: This study aims to co-design and develop an MH platform using participatory design methodologies and conduct a 15-month naturalistic observational trial to assess its feasibility among Colombian youth. Methods: This study used a mixed methods approach within a structured research and development cycle."
2-s2.0-105005783887,"Co-Designing, Developing, and Testing a Mental Health Platform for Young People Using a Participatory Design Methodology in Colombia: Mixed Methods Study",2-s2.0-105005783887::resumen::7,resumen,SAL-06,El proyecto fortalece estrategias participativas de cuidado implementadas por distintos actores sociales.,IMPACTO_MAS_ALLA_ACADEMIA,SALUD,0.459936,"Background: Globally, mental health (MH) problems increasingly affect young people, contributing significantly to disability and disease. In low- and middle-income countries, such as Colombia, barriers to accessing care exacerbate the treatment gap. In addition, the lack of widespread digital interventions further deepens the digital health divide between the Global North and Global South, limiting equitable access to innovative MH solutions. Objective: This study aims to co-design and develop an MH platform using participatory design methodologies and conduct a 15-month naturalistic observational trial to assess its feasibility among Colombian youth. Methods: This study used a mixed methods approach within a structured research and development cycle."
2-s2.0-105005783887,"Co-Designing, Developing, and Testing a Mental Health Platform for Young People Using a Participatory Design Methodology in Colombia: Mixed Methods Study",2-s2.0-105005783887::resumen::8,resumen,TEC-02,El proyecto incluye procesos participativos de validación tecnológica con usuarios reales.,IMPACTO_MAS_ALLA_ACADEMIA,TECNOLOGIA,0.628831,"To ensure a user-centered design, we began with a series of co-design workshops, where stakeholders collaboratively identified key user needs. Following this, usability testing was conducted in 2 stages, alpha and beta, using the System Usability Scale (SUS) to assess functionality and user experience. To capture real-world interactions, a naturalistic observational trial ran from July 2022 to October 2023, collecting data on user engagement and system performance. This study integrated quantitative and qualitative analyses. Results: A total of 146 individuals participated in the co-design process, with 110 (75.3%) contributing to the development of platform components and 36 (24.7%) participating in usability testing."
2-s2.0-105005783887,"Co-Designing, Developing, and Testing a Mental Health Platform for Young People Using a Participatory Design Methodology in Colombia: Mixed Methods Study",2-s2.0-105005783887::resumen::8,resumen,DIV-04,"Nivel en que los resultados, metodologías o saberes generados por el proyecto son difundidos en formatos comprensibles, abiertos y reutilizables, y en que dichos materiales son efectivamente consultados y aprovechados por públicos diversos.",DIVULGACION,,0.524928,"To ensure a user-centered design, we began with a series of co-design workshops, where stakeholders collaboratively identified key user needs. Following this, usability testing was conducted in 2 stages, alpha and beta, using the System Usability Scale (SUS) to assess functionality and user experience. To capture real-world interactions, a naturalistic observational trial ran from July 2022 to October 2023, collecting data on user engagement and system performance. This study integrated quantitative and qualitative analyses. Results: A total of 146 individuals participated in the co-design process, with 110 (75.3%) contributing to the development of platform components and 36 (24.7%) participating in usability testing."
2-s2.0-105005783887,"Co-Designing, Developing, and Testing a Mental Health Platform for Young People Using a Participatory Design Methodology in Colombia: Mixed Methods Study",2-s2.0-105005783887::resumen::8,resumen,COL-01,"El proyecto incorpora enfoques interdisciplinarios o transdisciplinarios tanto en el planteamiento del problema como en los métodos, tipos de análisis y perspectivas conceptuales utilizadas.",CONDICIONES_COLABORACION,,0.49135,"To ensure a user-centered design, we began with a series of co-design workshops, where stakeholders collaboratively identified key user needs. Following this, usability testing was conducted in 2 stages, alpha and beta, using the System Usability Scale (SUS) to assess functionality and user experience. To capture real-world interactions, a naturalistic observational trial ran from July 2022 to October 2023, collecting data on user engagement and system performance. This study integrated quantitative and qualitative analyses. Results: A total of 146 individuals participated in the co-design process, with 110 (75.3%) contributing to the development of platform components and 36 (24.7%) participating in usability testing."
2-s2.0-105005783887,"Co-Designing, Developing, and Testing a Mental Health Platform for Young People Using a Participatory Design Methodology in Colombia: Mixed Methods Study",2-s2.0-105005783887::resumen::9,resumen,TEC-02,El proyecto incluye procesos participativos de validación tecnológica con usuarios reales.,IMPACTO_MAS_ALLA_ACADEMIA,TECNOLOGIA,0.452889,"The co-designed platform integrated several key features, including social media and advertising, an MH screening tool, registration, targeted psychoeducational resources, automated tailored recommendations, and a ""track-as-you-go"" feature for continuous MH monitoring. Additional elements included user-friendly follow-up graphs, telecounseling integration, customizable well-being nudges, an emergency button, and gamification components to enhance engagement. During usability testing, the beta prototype received a median SUS score of 85.0 (IQR 80-92.5), indicating high usability. In the subsequent observational trial, which ran from July 2022 to October 2023, a total of 435 users interacted with the platform—314 (72.2%) as registered users and 121 (27.8%) anonymously."
2-s2.0-105005783887,"Co-Designing, Developing, and Testing a Mental Health Platform for Young People Using a Participatory Design Methodology in Colombia: Mixed Methods Study",2-s2.0-105005783887::palabras_clave::12,palabras_clave,SAL-06,El proyecto fortalece estrategias participativas de cuidado implementadas por distintos actores sociales.,IMPACTO_MAS_ALLA_ACADEMIA,SALUD,0.642145,community-based participatory research | eHealth | help seeking | Latin America | low- and middle-income countries | medical informatics | mental health | patient participation | patient satisfaction | telemedicine
2-s2.0-105005783887,"Co-Designing, Developing, and Testing a Mental Health Platform for Young People Using a Participatory Design Methodology in Colombia: Mixed Methods Study",2-s2.0-105005783887::palabras_clave::12,palabras_clave,SOC-02,"El proyecto contribuye a consolidar redes de colaboración y alianzas entre comunidades, organizaciones e instituciones.",IMPACTO_MAS_ALLA_ACADEMIA,SOCIEDAD,0.561092,community-based participatory research | eHealth | help seeking | Latin America | low- and middle-income countries | medical informatics | mental health | patient participation | patient satisfaction | telemedicine
2-s2.0-105005783887,"Co-Designing, Developing, and Testing a Mental Health Platform for Young People Using a Participatory Design Methodology in Colombia: Mixed Methods Study",2-s2.0-105005783887::palabras_clave::12,palabras_clave,SAL-01,El proyecto fortalece el bienestar físico y mental de la población.,IMPACTO_MAS_ALLA_ACADEMIA,SALUD,0.558455,community-based participatory research | eHealth | help seeking | Latin America | low- and middle-income countries | medical informatics | mental health | patient participation | patient satisfaction | telemedicine
2-s2.0-105014027137,Subverting patriarchal narratives: a feminist approach to critical video game design through participatory methods,2-s2.0-105014027137::resumen::7,resumen,SOC-03,"El proyecto contribuyó a enfrentar desigualdades, exclusión o injusticia, promoviendo justicia social, equidad, inclusión y respeto a los derechos humanos.",IMPACTO_MAS_ALLA_ACADEMIA,SOCIEDAD,0.457409,"This article examines participatory design as a methodology for creating critical video games within the context of feminist pedagogy, focusing on the development of ""Poder Violeta 2."" The game aims to challenge sexual harassment experienced by women, feminized bodies, and gender and sexual dissidents in Bogotá's public transportation system, a context marked by some of the highest rates of insecurity for women. The design process for this new version prioritized the active involvement of women public transport users at all stages and enhanced the use of video game–specific resources, such as multiple playable characters and power-ups, to enrich gameplay and narrative depth. These strategies resulted in greater agency for the game's protagonists and more accurate representation of historically marginalized groups."
2-s2.0-105014027137,Subverting patriarchal narratives: a feminist approach to critical video game design through participatory methods,2-s2.0-105014027137::resumen::7,resumen,COL-02,El proyecto cuenta con la participación activa y significativa de actores externos (académicos y/o no académicos) en distintas etapas del proceso investigativo.,CONDICIONES_COLABORACION,,0.451995,"This article examines participatory design as a methodology for creating critical video games within the context of feminist pedagogy, focusing on the development of ""Poder Violeta 2."" The game aims to challenge sexual harassment experienced by women, feminized bodies, and gender and sexual dissidents in Bogotá's public transportation system, a context marked by some of the highest rates of insecurity for women. The design process for this new version prioritized the active involvement of women public transport users at all stages and enhanced the use of video game–specific resources, such as multiple playable characters and power-ups, to enrich gameplay and narrative depth. These strategies resulted in greater agency for the game's protagonists and more accurate representation of historically marginalized groups."
2-s2.0-105014027137,Subverting patriarchal narratives: a feminist approach to critical video game design through participatory methods,2-s2.0-105014027137::resumen::7,resumen,ASC-01,El proyecto establece mecanismos para el diálogo de saberes entre actores académicos y otros actores sociales.,APROPIACION_SOCIAL,,0.443337,"This article examines participatory design as a methodology for creating critical video games within the context of feminist pedagogy, focusing on the development of ""Poder Violeta 2."" The game aims to challenge sexual harassment experienced by women, feminized bodies, and gender and sexual dissidents in Bogotá's public transportation system, a context marked by some of the highest rates of insecurity for women. The design process for this new version prioritized the active involvement of women public transport users at all stages and enhanced the use of video game–specific resources, such as multiple playable characters and power-ups, to enrich gameplay and narrative depth. These strategies resulted in greater agency for the game's protagonists and more accurate representation of historically marginalized groups."
2-s2.0-105014027137,Subverting patriarchal narratives: a feminist approach to critical video game design through participatory methods,2-s2.0-105014027137::resumen::8,resumen,TEC-04,El proyecto utiliza tecnología para maximizar el impacto positivo en comunidades o actores destinatarios.,IMPACTO_MAS_ALLA_ACADEMIA,TECNOLOGIA,0.512778,"Qualitative transformations were observed both in the player experience and within the largely male development team, as the participatory process fostered ongoing learning and co-creation. The outcomes support the value of participatory design in generating inclusive and representative video game content, highlighting the narrative and pedagogical potential of medium-specific elements while emphasizing the empowerment and participation of historically excluded communities as a reference for future projects."
2-s2.0-105014027137,Subverting patriarchal narratives: a feminist approach to critical video game design through participatory methods,2-s2.0-105014027137::resumen::8,resumen,COL-02,El proyecto cuenta con la participación activa y significativa de actores externos (académicos y/o no académicos) en distintas etapas del proceso investigativo.,CONDICIONES_COLABORACION,,0.498452,"Qualitative transformations were observed both in the player experience and within the largely male development team, as the participatory process fostered ongoing learning and co-creation. The outcomes support the value of participatory design in generating inclusive and representative video game content, highlighting the narrative and pedagogical potential of medium-specific elements while emphasizing the empowerment and participation of historically excluded communities as a reference for future projects."
2-s2.0-105014027137,Subverting patriarchal narratives: a feminist approach to critical video game design through participatory methods,2-s2.0-105014027137::resumen::8,resumen,ASC-02,"La solución generada por el proyecto es usada, adaptada, replicada o sostenida por la comunidad, territorio o entidad beneficiaria.",APROPIACION_SOCIAL,,0.485781,"Qualitative transformations were observed both in the player experience and within the largely male development team, as the participatory process fostered ongoing learning and co-creation. The outcomes support the value of participatory design in generating inclusive and representative video game content, highlighting the narrative and pedagogical potential of medium-specific elements while emphasizing the empowerment and participation of historically excluded communities as a reference for future projects."
2-s2.0-105014099823,"Enhancing medication adherence, depression, and values-based behaviors in HIV-positive individuals through acceptance and commitment therapy: A pilot study",2-s2.0-105014099823::resumen::7,resumen,SAL-06,El proyecto fortalece estrategias participativas de cuidado implementadas por distintos actores sociales.,IMPACTO_MAS_ALLA_ACADEMIA,SALUD,0.477759,"This pilot study evaluated the impact of the Acceptance and Commitment Therapy (ACT) matrix on values-driven behaviors, medication adherence, viral load, and depression among individuals living with HIV in a middle-income country. A randomized, non-concurrent multiple baseline design across four participants was employed. Outcomes were assessed at baseline, post-intervention, and follow-up, with daily tracking of values-driven behaviors and medication adherence throughout. Participants underwent a 7-session ACT matrix training. Results revealed increases in values-driven behaviors and improvements in medication adherence across all participants. Viral loads decreased for three participants, with two achieving undetectable levels. Depression scores improved for three participants, with changes sustained through follow-up."
2-s2.0-105014099823,"Enhancing medication adherence, depression, and values-based behaviors in HIV-positive individuals through acceptance and commitment therapy: A pilot study",2-s2.0-105014099823::resumen::7,resumen,SAL-03,El proyecto implementa acciones orientadas a mejorar la calidad de vida de personas en situación de discapacidad.,IMPACTO_MAS_ALLA_ACADEMIA,SALUD,0.468956,"This pilot study evaluated the impact of the Acceptance and Commitment Therapy (ACT) matrix on values-driven behaviors, medication adherence, viral load, and depression among individuals living with HIV in a middle-income country. A randomized, non-concurrent multiple baseline design across four participants was employed. Outcomes were assessed at baseline, post-intervention, and follow-up, with daily tracking of values-driven behaviors and medication adherence throughout. Participants underwent a 7-session ACT matrix training. Results revealed increases in values-driven behaviors and improvements in medication adherence across all participants. Viral loads decreased for three participants, with two achieving undetectable levels. Depression scores improved for three participants, with changes sustained through follow-up."
2-s2.0-105014099823,"Enhancing medication adherence, depression, and values-based behaviors in HIV-positive individuals through acceptance and commitment therapy: A pilot study",2-s2.0-105014099823::resumen::7,resumen,SOC-04,Número de beneficiarios directos e indirectos.,IMPACTO_MAS_ALLA_ACADEMIA,SOCIEDAD,0.462162,"This pilot study evaluated the impact of the Acceptance and Commitment Therapy (ACT) matrix on values-driven behaviors, medication adherence, viral load, and depression among individuals living with HIV in a middle-income country. A randomized, non-concurrent multiple baseline design across four participants was employed. Outcomes were assessed at baseline, post-intervention, and follow-up, with daily tracking of values-driven behaviors and medication adherence throughout. Participants underwent a 7-session ACT matrix training. Results revealed increases in values-driven behaviors and improvements in medication adherence across all participants. Viral loads decreased for three participants, with two achieving undetectable levels. Depression scores improved for three participants, with changes sustained through follow-up."
2-s2.0-105014099823,"Enhancing medication adherence, depression, and values-based behaviors in HIV-positive individuals through acceptance and commitment therapy: A pilot study",2-s2.0-105014099823::resumen::8,resumen,SAL-06,El proyecto fortalece estrategias participativas de cuidado implementadas por distintos actores sociales.,IMPACTO_MAS_ALLA_ACADEMIA,SALUD,0.566351,"Participants described the intervention as acceptable and relevant to addressing adherence barriers and mental health concerns. Findings underscore the potential for ACT to enhance antiretroviral adherence and psychological outcomes in middle-income countries, offering a scalable, culturally adaptable intervention for improving HIV care."
2-s2.0-105014099823,"Enhancing medication adherence, depression, and values-based behaviors in HIV-positive individuals through acceptance and commitment therapy: A pilot study",2-s2.0-105014099823::resumen::8,resumen,SOC-03,"El proyecto contribuyó a enfrentar desigualdades, exclusión o injusticia, promoviendo justicia social, equidad, inclusión y respeto a los derechos humanos.",IMPACTO_MAS_ALLA_ACADEMIA,SOCIEDAD,0.514543,"Participants described the intervention as acceptable and relevant to addressing adherence barriers and mental health concerns. Findings underscore the potential for ACT to enhance antiretroviral adherence and psychological outcomes in middle-income countries, offering a scalable, culturally adaptable intervention for improving HIV care."
2-s2.0-105014099823,"Enhancing medication adherence, depression, and values-based behaviors in HIV-positive individuals through acceptance and commitment therapy: A pilot study",2-s2.0-105014099823::resumen::8,resumen,SAL-03,El proyecto implementa acciones orientadas a mejorar la calidad de vida de personas en situación de discapacidad.,IMPACTO_MAS_ALLA_ACADEMIA,SALUD,0.502561,"Participants described the intervention as acceptable and relevant to addressing adherence barriers and mental health concerns. Findings underscore the potential for ACT to enhance antiretroviral adherence and psychological outcomes in middle-income countries, offering a scalable, culturally adaptable intervention for improving HIV care."
2-s2.0-105014099823,"Enhancing medication adherence, depression, and values-based behaviors in HIV-positive individuals through acceptance and commitment therapy: A pilot study",2-s2.0-105014099823::palabras_clave::9,palabras_clave,SOC-04,Número de beneficiarios directos e indirectos.,IMPACTO_MAS_ALLA_ACADEMIA,SOCIEDAD,0.460245,Acceptance and commitment therapy | ACT matrix | Depression | HIV | Medication adherence | Psychological flexibility | Values-based behavior
2-s2.0-105014099823,"Enhancing medication adherence, depression, and values-based behaviors in HIV-positive individuals through acceptance and commitment therapy: A pilot study",2-s2.0-105014099823::palabras_clave::9,palabras_clave,SAL-06,El proyecto fortalece estrategias participativas de cuidado implementadas por distintos actores sociales.,IMPACTO_MAS_ALLA_ACADEMIA,SALUD,0.451,Acceptance and commitment therapy | ACT matrix | Depression | HIV | Medication adherence | Psychological flexibility | Values-based behavior
2-s2.0-105014099823,"Enhancing medication adherence, depression, and values-based behaviors in HIV-positive individuals through acceptance and commitment therapy: A pilot study",2-s2.0-105014099823::palabras_clave::9,palabras_clave,SAL-03,El proyecto implementa acciones orientadas a mejorar la calidad de vida de personas en situación de discapacidad.,IMPACTO_MAS_ALLA_ACADEMIA,SALUD,0.432638,Acceptance and commitment therapy | ACT matrix | Depression | HIV | Medication adherence | Psychological flexibility | Values-based behavior
2-s2.0-105020034198,Development and Implementation of DIALOG+S in the School Setting as a Tool for Promoting Adolescent Mental Well-Being and Resilience in a Post–Armed Conflict Area in Colombia: Exploratory Cluster Randomized Controlled Trial,2-s2.0-105020034198::nombre_producto::6,nombre_producto,SAL-01,El proyecto fortalece el bienestar físico y mental de la población.,IMPACTO_MAS_ALLA_ACADEMIA,SALUD,0.427102,Development and Implementation of DIALOG+S in the School Setting as a Tool for Promoting Adolescent Mental Well-Being and Resilience in a Post–Armed Conflict Area in Colombia: Exploratory Cluster Randomized Controlled Trial
2-s2.0-105020034198,Development and Implementation of DIALOG+S in the School Setting as a Tool for Promoting Adolescent Mental Well-Being and Resilience in a Post–Armed Conflict Area in Colombia: Exploratory Cluster Randomized Controlled Trial,2-s2.0-105020034198::resumen::7,resumen,SAL-01,El proyecto fortalece el bienestar físico y mental de la población.,IMPACTO_MAS_ALLA_ACADEMIA,SALUD,0.517106,"Background: Educational settings are ideal for promoting mental well-being and resilience in children. The challenges of the COVID-19 pandemic made evident the important role that teachers and school counselors play in the mental health of their students. Therefore, it is imperative to develop and implement cost-effective interventions that allow them to identify and address mental health problems early, especially in post–armed conflict areas, to reduce the burden of mental disorders in this population. Objective: This study aimed to adapt an existing patient-focused digital intervention called DIALOG+ from an adult clinical setting to an adolescent educational setting and to assess the feasibility, acceptability, and estimated effect of implementing this intervention as a tool for promoting quality of life, mental well-being, and resilience."
2-s2.0-105020034198,Development and Implementation of DIALOG+S in the School Setting as a Tool for Promoting Adolescent Mental Well-Being and Resilience in a Post–Armed Conflict Area in Colombia: Exploratory Cluster Randomized Controlled Trial,2-s2.0-105020034198::resumen::7,resumen,SAL-06,El proyecto fortalece estrategias participativas de cuidado implementadas por distintos actores sociales.,IMPACTO_MAS_ALLA_ACADEMIA,SALUD,0.489528,"Background: Educational settings are ideal for promoting mental well-being and resilience in children. The challenges of the COVID-19 pandemic made evident the important role that teachers and school counselors play in the mental health of their students. Therefore, it is imperative to develop and implement cost-effective interventions that allow them to identify and address mental health problems early, especially in post–armed conflict areas, to reduce the burden of mental disorders in this population. Objective: This study aimed to adapt an existing patient-focused digital intervention called DIALOG+ from an adult clinical setting to an adolescent educational setting and to assess the feasibility, acceptability, and estimated effect of implementing this intervention as a tool for promoting quality of life, mental well-being, and resilience."
2-s2.0-105020034198,Development and Implementation of DIALOG+S in the School Setting as a Tool for Promoting Adolescent Mental Well-Being and Resilience in a Post–Armed Conflict Area in Colombia: Exploratory Cluster Randomized Controlled Trial,2-s2.0-105020034198::resumen::7,resumen,SAL-03,El proyecto implementa acciones orientadas a mejorar la calidad de vida de personas en situación de discapacidad.,IMPACTO_MAS_ALLA_ACADEMIA,SALUD,0.43386,"Background: Educational settings are ideal for promoting mental well-being and resilience in children. The challenges of the COVID-19 pandemic made evident the important role that teachers and school counselors play in the mental health of their students. Therefore, it is imperative to develop and implement cost-effective interventions that allow them to identify and address mental health problems early, especially in post–armed conflict areas, to reduce the burden of mental disorders in this population. Objective: This study aimed to adapt an existing patient-focused digital intervention called DIALOG+ from an adult clinical setting to an adolescent educational setting and to assess the feasibility, acceptability, and estimated effect of implementing this intervention as a tool for promoting quality of life, mental well-being, and resilience."
2-s2.0-105020034198,Development and Implementation of DIALOG+S in the School Setting as a Tool for Promoting Adolescent Mental Well-Being and Resilience in a Post–Armed Conflict Area in Colombia: Exploratory Cluster Randomized Controlled Trial,2-s2.0-105020034198::resumen::8,resumen,POL-04,"Número de manuales, herramientas o metodologías derivadas del proyecto y adoptadas por entidades estatales.",IMPACTO_MAS_ALLA_ACADEMIA,POLITICA_PUBLICA,0.518238,"Methods: We conducted an exploratory mixed methods study in 2 public schools in postconflict areas in Tolima, Colombia. This study was conducted in 3 phases. In the adaptation phase, focus groups were conducted with students and teachers to identify changes required in DIALOG+ for it to be used in the school setting. The exploration phase consisted of an exploratory cluster randomized controlled trial. A total of 14 clusters, each with 1 teacher and 5 students, were randomly allocated to either the experimental (DIALOG+S) group or to an active control group (counseling as usual). Teachers in both groups delivered the intervention once a month for 6 months. Through screening scales, information was collected on mental health symptoms, quality of life, self-esteem, resilience, and family functionality before and after the intervention."
2-s2.0-105020034198,Development and Implementation of DIALOG+S in the School Setting as a Tool for Promoting Adolescent Mental Well-Being and Resilience in a Post–Armed Conflict Area in Colombia: Exploratory Cluster Randomized Controlled Trial,2-s2.0-105020034198::resumen::8,resumen,ASC-02,"La solución generada por el proyecto es usada, adaptada, replicada o sostenida por la comunidad, territorio o entidad beneficiaria.",APROPIACION_SOCIAL,,0.50184,"Methods: We conducted an exploratory mixed methods study in 2 public schools in postconflict areas in Tolima, Colombia. This study was conducted in 3 phases. In the adaptation phase, focus groups were conducted with students and teachers to identify changes required in DIALOG+ for it to be used in the school setting. The exploration phase consisted of an exploratory cluster randomized controlled trial. A total of 14 clusters, each with 1 teacher and 5 students, were randomly allocated to either the experimental (DIALOG+S) group or to an active control group (counseling as usual). Teachers in both groups delivered the intervention once a month for 6 months. Through screening scales, information was collected on mental health symptoms, quality of life, self-esteem, resilience, and family functionality before and after the intervention."
2-s2.0-105020034198,Development and Implementation of DIALOG+S in the School Setting as a Tool for Promoting Adolescent Mental Well-Being and Resilience in a Post–Armed Conflict Area in Colombia: Exploratory Cluster Randomized Controlled Trial,2-s2.0-105020034198::resumen::8,resumen,TEC-07,"Las soluciones tecnológicas generadas por el proyecto son adoptadas, adaptadas o sostenidas por actores de interés externos a la academia.",IMPACTO_MAS_ALLA_ACADEMIA,TECNOLOGIA,0.489061,"Methods: We conducted an exploratory mixed methods study in 2 public schools in postconflict areas in Tolima, Colombia. This study was conducted in 3 phases. In the adaptation phase, focus groups were conducted with students and teachers to identify changes required in DIALOG+ for it to be used in the school setting. The exploration phase consisted of an exploratory cluster randomized controlled trial. A total of 14 clusters, each with 1 teacher and 5 students, were randomly allocated to either the experimental (DIALOG+S) group or to an active control group (counseling as usual). Teachers in both groups delivered the intervention once a month for 6 months. Through screening scales, information was collected on mental health symptoms, quality of life, self-esteem, resilience, and family functionality before and after the intervention."
2-s2.0-105020034198,Development and Implementation of DIALOG+S in the School Setting as a Tool for Promoting Adolescent Mental Well-Being and Resilience in a Post–Armed Conflict Area in Colombia: Exploratory Cluster Randomized Controlled Trial,2-s2.0-105020034198::resumen::10,resumen,SAL-01,El proyecto fortalece el bienestar físico y mental de la población.,IMPACTO_MAS_ALLA_ACADEMIA,SALUD,0.513597,"Conclusions: Our results are encouraging and show that the DIALOG+S intervention is feasible and acceptable as a promising opportunity to promote well-being and prevent and identify mental health problems in the school context in a postconflict area in Colombia. Larger, fully powered studies are warranted to properly assess the efficacy and potential impact of the intervention and to refine implementation plans. Trial Registration: International Standard Randomised Controlled Trial Number (ISRCTN) registry ISRCTN14396374; https://www.isrctn.com/ISRCTN14396374"
2-s2.0-105020034198,Development and Implementation of DIALOG+S in the School Setting as a Tool for Promoting Adolescent Mental Well-Being and Resilience in a Post–Armed Conflict Area in Colombia: Exploratory Cluster Randomized Controlled Trial,2-s2.0-105020034198::resumen::10,resumen,SAL-06,El proyecto fortalece estrategias participativas de cuidado implementadas por distintos actores sociales.,IMPACTO_MAS_ALLA_ACADEMIA,SALUD,0.479104,"Conclusions: Our results are encouraging and show that the DIALOG+S intervention is feasible and acceptable as a promising opportunity to promote well-being and prevent and identify mental health problems in the school context in a postconflict area in Colombia. Larger, fully powered studies are warranted to properly assess the efficacy and potential impact of the intervention and to refine implementation plans. Trial Registration: International Standard Randomised Controlled Trial Number (ISRCTN) registry ISRCTN14396374; https://www.isrctn.com/ISRCTN14396374"
2-s2.0-105020034198,Development and Implementation of DIALOG+S in the School Setting as a Tool for Promoting Adolescent Mental Well-Being and Resilience in a Post–Armed Conflict Area in Colombia: Exploratory Cluster Randomized Controlled Trial,2-s2.0-105020034198::resumen::10,resumen,SAL-03,El proyecto implementa acciones orientadas a mejorar la calidad de vida de personas en situación de discapacidad.,IMPACTO_MAS_ALLA_ACADEMIA,SALUD,0.469004,"Conclusions: Our results are encouraging and show that the DIALOG+S intervention is feasible and acceptable as a promising opportunity to promote well-being and prevent and identify mental health problems in the school context in a postconflict area in Colombia. Larger, fully powered studies are warranted to properly assess the efficacy and potential impact of the intervention and to refine implementation plans. Trial Registration: International Standard Randomised Controlled Trial Number (ISRCTN) registry ISRCTN14396374; https://www.isrctn.com/ISRCTN14396374"
2-s2.0-105020034198,Development and Implementation of DIALOG+S in the School Setting as a Tool for Promoting Adolescent Mental Well-Being and Resilience in a Post–Armed Conflict Area in Colombia: Exploratory Cluster Randomized Controlled Trial,2-s2.0-105020034198::palabras_clave::11,palabras_clave,DIV-05,Número de espacios públicos promovidos por el proyecto para debatir la problemática investigativa y social más allá del ámbito académico.,DIVULGACION,,0.551727,adolescents | armed conflict | DIALOG+ | DIALOG+S | digital intervention | mental health | mobile phone | psychosocial intervention | school
2-s2.0-105020034198,Development and Implementation of DIALOG+S in the School Setting as a Tool for Promoting Adolescent Mental Well-Being and Resilience in a Post–Armed Conflict Area in Colombia: Exploratory Cluster Randomized Controlled Trial,2-s2.0-105020034198::palabras_clave::11,palabras_clave,SAL-01,El proyecto fortalece el bienestar físico y mental de la población.,IMPACTO_MAS_ALLA_ACADEMIA,SALUD,0.512765,adolescents | armed conflict | DIALOG+ | DIALOG+S | digital intervention | mental health | mobile phone | psychosocial intervention | school
2-s2.0-105020034198,Development and Implementation of DIALOG+S in the School Setting as a Tool for Promoting Adolescent Mental Well-Being and Resilience in a Post–Armed Conflict Area in Colombia: Exploratory Cluster Randomized Controlled Trial,2-s2.0-105020034198::palabras_clave::11,palabras_clave,SAL-06,El proyecto fortalece estrategias participativas de cuidado implementadas por distintos actores sociales.,IMPACTO_MAS_ALLA_ACADEMIA,SALUD,0.476599,adolescents | armed conflict | DIALOG+ | DIALOG+S | digital intervention | mental health | mobile phone | psychosocial intervention | school
2-s2.0-85049317946,Monitoring air pollution by combining a static infrastructure with a participatory sensing approach: Design and performance evaluation,2-s2.0-85049317946::resumen::7,resumen,TEC-02,El proyecto incluye procesos participativos de validación tecnológica con usuarios reales.,IMPACTO_MAS_ALLA_ACADEMIA,TECNOLOGIA,0.450742,"Participatory Sensing (PS) is a new fast-growing sensing approach that involves the participation of mobile phone users, and the corresponding communication infrastructure, to create a large-scale monitoring system. Using PS-based system makes it possible to measure and detect variables and events with an improvement in spatial and time resolution over traditional monitoring system. Pollution-Spots proposes an air pollution monitoring solution by means of using an infrastructure of fixed low-cost sensing devices, and reporting the measurements using a PS approach. The sensing devices acquire the variables and the pedestrian forwards this information, completing the cycle with no extra cost of data transport and/or human resources."
2-s2.0-85049317946,Monitoring air pollution by combining a static infrastructure with a participatory sensing approach: Design and performance evaluation,2-s2.0-85049317946::resumen::8,resumen,TEC-02,El proyecto incluye procesos participativos de validación tecnológica con usuarios reales.,IMPACTO_MAS_ALLA_ACADEMIA,TECNOLOGIA,0.494997,"However, including humans to the sensing loop, rises new challenges, such as protecting user private data, motivating user's participation, and reducing mobile phone's power consumption, all while maintaining the quality of the collected data. Pollution-Spots proposes a combined algorithm that protects the participant's private information and also implements a gamification technique to encourage the participation without any monetary reward. The proposed system has proven to be energy efficient when compared to similar approaches, with the additional benefit of considering the quality of the collected information, which is normally affected by privacy protection algorithms."
2-s2.0-85049317946,Monitoring air pollution by combining a static infrastructure with a participatory sensing approach: Design and performance evaluation,2-s2.0-85049317946::resumen::8,resumen,TEC-04,El proyecto utiliza tecnología para maximizar el impacto positivo en comunidades o actores destinatarios.,IMPACTO_MAS_ALLA_ACADEMIA,TECNOLOGIA,0.472849,"However, including humans to the sensing loop, rises new challenges, such as protecting user private data, motivating user's participation, and reducing mobile phone's power consumption, all while maintaining the quality of the collected data. Pollution-Spots proposes a combined algorithm that protects the participant's private information and also implements a gamification technique to encourage the participation without any monetary reward. The proposed system has proven to be energy efficient when compared to similar approaches, with the additional benefit of considering the quality of the collected information, which is normally affected by privacy protection algorithms."
2-s2.0-85049317946,Monitoring air pollution by combining a static infrastructure with a participatory sensing approach: Design and performance evaluation,2-s2.0-85049317946::resumen::8,resumen,DIV-04,"Nivel en que los resultados, metodologías o saberes generados por el proyecto son difundidos en formatos comprensibles, abiertos y reutilizables, y en que dichos materiales son efectivamente consultados y aprovechados por públicos diversos.",DIVULGACION,,0.464344,"However, including humans to the sensing loop, rises new challenges, such as protecting user private data, motivating user's participation, and reducing mobile phone's power consumption, all while maintaining the quality of the collected data. Pollution-Spots proposes a combined algorithm that protects the participant's private information and also implements a gamification technique to encourage the participation without any monetary reward. The proposed system has proven to be energy efficient when compared to similar approaches, with the additional benefit of considering the quality of the collected information, which is normally affected by privacy protection algorithms."
2-s2.0-85049317946,Monitoring air pollution by combining a static infrastructure with a participatory sensing approach: Design and performance evaluation,2-s2.0-85049317946::palabras_clave::9,palabras_clave,SAL-02,El proyecto contribuye a prevenir riesgos en salud pública.,IMPACTO_MAS_ALLA_ACADEMIA,SALUD,0.511066,Air pollution | Incentives | Participatory sensing | Privacy protection
2-s2.0-85049317946,Monitoring air pollution by combining a static infrastructure with a participatory sensing approach: Design and performance evaluation,2-s2.0-85049317946::palabras_clave::9,palabras_clave,AMB-02,"El proyecto genera mejoras sostenibles en el entorno ambiental, económico y social de los grupos de interés.",IMPACTO_MAS_ALLA_ACADEMIA,MEDIO_AMBIENTE,0.504922,Air pollution | Incentives | Participatory sensing | Privacy protection
2-s2.0-85049317946,Monitoring air pollution by combining a static infrastructure with a participatory sensing approach: Design and performance evaluation,2-s2.0-85049317946::palabras_clave::9,palabras_clave,POL-01,"El proyecto facilita la participación activa de los grupos de interés en procesos de formulación, monitoreo o evaluación de políticas públicas o iniciativas de ciencia ciudadana.",IMPACTO_MAS_ALLA_ACADEMIA,POLITICA_PUBLICA,0.469886,Air pollution | Incentives | Participatory sensing | Privacy protection
2-s2.0-85131371279,A nutritionally focused program for community-living older adults resulted in improved health and well-being,2-s2.0-85131371279::nombre_producto::6,nombre_producto,SAL-06,El proyecto fortalece estrategias participativas de cuidado implementadas por distintos actores sociales.,IMPACTO_MAS_ALLA_ACADEMIA,SALUD,0.532835,A nutritionally focused program for community-living older adults resulted in improved health and well-being
2-s2.0-85131371279,A nutritionally focused program for community-living older adults resulted in improved health and well-being,2-s2.0-85131371279::nombre_producto::6,nombre_producto,SAL-03,El proyecto implementa acciones orientadas a mejorar la calidad de vida de personas en situación de discapacidad.,IMPACTO_MAS_ALLA_ACADEMIA,SALUD,0.506435,A nutritionally focused program for community-living older adults resulted in improved health and well-being
2-s2.0-85131371279,A nutritionally focused program for community-living older adults resulted in improved health and well-being,2-s2.0-85131371279::nombre_producto::6,nombre_producto,SAL-01,El proyecto fortalece el bienestar físico y mental de la población.,IMPACTO_MAS_ALLA_ACADEMIA,SALUD,0.48713,A nutritionally focused program for community-living older adults resulted in improved health and well-being
2-s2.0-85131371279,A nutritionally focused program for community-living older adults resulted in improved health and well-being,2-s2.0-85131371279::resumen::7,resumen,SAL-03,El proyecto implementa acciones orientadas a mejorar la calidad de vida de personas en situación de discapacidad.,IMPACTO_MAS_ALLA_ACADEMIA,SALUD,0.571826,"Objectives: Among older adults, malnutrition is common and is associated with increased risk for impaired health and functionality, conditions further associated with poorer quality of life. In this study of community-living older adults, our objective was to quantify outcome changes following identification and treatment of malnutrition or its risk. Design: Our intervention was a nutritional quality improvement program (QIP). The nutritional QIP included: (i) education of participants about the importance of complete and balanced macro- and micronutrient intake plus physical exercise, (ii) nutritional intervention with dietary counseling; and (iii) provision of oral nutritional supplements (ONS) for daily intake over 60 days. Follow-up measurements took place 30 days after ONS treatment ended, i.e., 90 days after start of intervention."
2-s2.0-85131371279,A nutritionally focused program for community-living older adults resulted in improved health and well-being,2-s2.0-85131371279::resumen::7,resumen,SOC-01,Mejora en la calidad de vida o bienestar atribuida al proyecto.,IMPACTO_MAS_ALLA_ACADEMIA,SOCIEDAD,0.548713,"Objectives: Among older adults, malnutrition is common and is associated with increased risk for impaired health and functionality, conditions further associated with poorer quality of life. In this study of community-living older adults, our objective was to quantify outcome changes following identification and treatment of malnutrition or its risk. Design: Our intervention was a nutritional quality improvement program (QIP). The nutritional QIP included: (i) education of participants about the importance of complete and balanced macro- and micronutrient intake plus physical exercise, (ii) nutritional intervention with dietary counseling; and (iii) provision of oral nutritional supplements (ONS) for daily intake over 60 days. Follow-up measurements took place 30 days after ONS treatment ended, i.e., 90 days after start of intervention."
2-s2.0-85131371279,A nutritionally focused program for community-living older adults resulted in improved health and well-being,2-s2.0-85131371279::resumen::7,resumen,SAL-06,El proyecto fortalece estrategias participativas de cuidado implementadas por distintos actores sociales.,IMPACTO_MAS_ALLA_ACADEMIA,SALUD,0.534402,"Objectives: Among older adults, malnutrition is common and is associated with increased risk for impaired health and functionality, conditions further associated with poorer quality of life. In this study of community-living older adults, our objective was to quantify outcome changes following identification and treatment of malnutrition or its risk. Design: Our intervention was a nutritional quality improvement program (QIP). The nutritional QIP included: (i) education of participants about the importance of complete and balanced macro- and micronutrient intake plus physical exercise, (ii) nutritional intervention with dietary counseling; and (iii) provision of oral nutritional supplements (ONS) for daily intake over 60 days. Follow-up measurements took place 30 days after ONS treatment ended, i.e., 90 days after start of intervention."
2-s2.0-85131371279,A nutritionally focused program for community-living older adults resulted in improved health and well-being,2-s2.0-85131371279::resumen::8,resumen,SAL-03,El proyecto implementa acciones orientadas a mejorar la calidad de vida de personas en situación de discapacidad.,IMPACTO_MAS_ALLA_ACADEMIA,SALUD,0.528099,"Setting and participants: We recruited 618 transitional-care, chronically ill, older adults (>60 years) with malnutrition/risk (per Mini Nutrition Assessment-Short Form, MNA-SF) from the outpatient clinic of Hospital Universitario San Ignacio, in Bogotá, Colombia. Methods: For pre-post comparisons, we examined cognition (Mini-Mental State Exam, MMSE), physical abilities (Barthel Activities of Daily Living, ADL; Short Physical Performance Battery, SPPB), affective disorder status (Global Depression Scale, GDS), and quality of life (QoL; EuroQoL-5D-3L, EQ-5D-3L; EuroQoL-Visual Analog Scale, EQ-VAS). Results: Participants were mean age 74.1 ± 8.7 y, female majority (69.4%), and had an average of 2.6 comorbidities with cardiovascular and respiratory diseases predominant (28.5%)."
2-s2.0-85131371279,A nutritionally focused program for community-living older adults resulted in improved health and well-being,2-s2.0-85131371279::resumen::8,resumen,SAL-06,El proyecto fortalece estrategias participativas de cuidado implementadas por distintos actores sociales.,IMPACTO_MAS_ALLA_ACADEMIA,SALUD,0.506375,"Setting and participants: We recruited 618 transitional-care, chronically ill, older adults (>60 years) with malnutrition/risk (per Mini Nutrition Assessment-Short Form, MNA-SF) from the outpatient clinic of Hospital Universitario San Ignacio, in Bogotá, Colombia. Methods: For pre-post comparisons, we examined cognition (Mini-Mental State Exam, MMSE), physical abilities (Barthel Activities of Daily Living, ADL; Short Physical Performance Battery, SPPB), affective disorder status (Global Depression Scale, GDS), and quality of life (QoL; EuroQoL-5D-3L, EQ-5D-3L; EuroQoL-Visual Analog Scale, EQ-VAS). Results: Participants were mean age 74.1 ± 8.7 y, female majority (69.4%), and had an average of 2.6 comorbidities with cardiovascular and respiratory diseases predominant (28.5%)."
2-s2.0-85131371279,A nutritionally focused program for community-living older adults resulted in improved health and well-being,2-s2.0-85131371279::resumen::8,resumen,SAL-01,El proyecto fortalece el bienestar físico y mental de la población.,IMPACTO_MAS_ALLA_ACADEMIA,SALUD,0.48253,"Setting and participants: We recruited 618 transitional-care, chronically ill, older adults (>60 years) with malnutrition/risk (per Mini Nutrition Assessment-Short Form, MNA-SF) from the outpatient clinic of Hospital Universitario San Ignacio, in Bogotá, Colombia. Methods: For pre-post comparisons, we examined cognition (Mini-Mental State Exam, MMSE), physical abilities (Barthel Activities of Daily Living, ADL; Short Physical Performance Battery, SPPB), affective disorder status (Global Depression Scale, GDS), and quality of life (QoL; EuroQoL-5D-3L, EQ-5D-3L; EuroQoL-Visual Analog Scale, EQ-VAS). Results: Participants were mean age 74.1 ± 8.7 y, female majority (69.4%), and had an average of 2.6 comorbidities with cardiovascular and respiratory diseases predominant (28.5%)."
2-s2.0-85131371279,A nutritionally focused program for community-living older adults resulted in improved health and well-being,2-s2.0-85131371279::resumen::9,resumen,SAL-01,El proyecto fortalece el bienestar físico y mental de la población.,IMPACTO_MAS_ALLA_ACADEMIA,SALUD,0.546809,"QIP-based nutritional intervention led to significant improvements in cognitive (MMSE) and physical functions (ADL and SPPB), affective disorder status (GDS), and health-related quality of life (EQ-VAS); all differences (P < 0.001). Self-reported QoL (EQ-5D-3L) also improved. Conclusions and implications: Over 90 days, the nutritional QIP led to improvements in all measured outcomes, thus highlighting the importance of addressing malnutrition or its risk among community-living older adults. From a patient's perspective, maintaining mental and physical function are important and further linked with quality of life. Brief summary: For older, community-living adults, nutrition care can improve health and well-being outcomes. Care includes screening for malnutrition risk, dietary and exercise counseling, and daily nutritional supplements when needed."
2-s2.0-85131371279,A nutritionally focused program for community-living older adults resulted in improved health and well-being,2-s2.0-85131371279::resumen::9,resumen,SOC-01,Mejora en la calidad de vida o bienestar atribuida al proyecto.,IMPACTO_MAS_ALLA_ACADEMIA,SOCIEDAD,0.526048,"QIP-based nutritional intervention led to significant improvements in cognitive (MMSE) and physical functions (ADL and SPPB), affective disorder status (GDS), and health-related quality of life (EQ-VAS); all differences (P < 0.001). Self-reported QoL (EQ-5D-3L) also improved. Conclusions and implications: Over 90 days, the nutritional QIP led to improvements in all measured outcomes, thus highlighting the importance of addressing malnutrition or its risk among community-living older adults. From a patient's perspective, maintaining mental and physical function are important and further linked with quality of life. Brief summary: For older, community-living adults, nutrition care can improve health and well-being outcomes. Care includes screening for malnutrition risk, dietary and exercise counseling, and daily nutritional supplements when needed."
2-s2.0-85131371279,A nutritionally focused program for community-living older adults resulted in improved health and well-being,2-s2.0-85131371279::resumen::9,resumen,SAL-03,El proyecto implementa acciones orientadas a mejorar la calidad de vida de personas en situación de discapacidad.,IMPACTO_MAS_ALLA_ACADEMIA,SALUD,0.519726,"QIP-based nutritional intervention led to significant improvements in cognitive (MMSE) and physical functions (ADL and SPPB), affective disorder status (GDS), and health-related quality of life (EQ-VAS); all differences (P < 0.001). Self-reported QoL (EQ-5D-3L) also improved. Conclusions and implications: Over 90 days, the nutritional QIP led to improvements in all measured outcomes, thus highlighting the importance of addressing malnutrition or its risk among community-living older adults. From a patient's perspective, maintaining mental and physical function are important and further linked with quality of life. Brief summary: For older, community-living adults, nutrition care can improve health and well-being outcomes. Care includes screening for malnutrition risk, dietary and exercise counseling, and daily nutritional supplements when needed."
2-s2.0-85131371279,A nutritionally focused program for community-living older adults resulted in improved health and well-being,2-s2.0-85131371279::palabras_clave::11,palabras_clave,SOC-01,Mejora en la calidad de vida o bienestar atribuida al proyecto.,IMPACTO_MAS_ALLA_ACADEMIA,SOCIEDAD,0.531249,Activities of daily living | Functionality | Nutrition | Older adults | Oral nutritional supplement | Quality of life
2-s2.0-85131371279,A nutritionally focused program for community-living older adults resulted in improved health and well-being,2-s2.0-85131371279::palabras_clave::11,palabras_clave,SAL-01,El proyecto fortalece el bienestar físico y mental de la población.,IMPACTO_MAS_ALLA_ACADEMIA,SALUD,0.514806,Activities of daily living | Functionality | Nutrition | Older adults | Oral nutritional supplement | Quality of life
2-s2.0-85131371279,A nutritionally focused program for community-living older adults resulted in improved health and well-being,2-s2.0-85131371279::palabras_clave::11,palabras_clave,SAL-03,El proyecto implementa acciones orientadas a mejorar la calidad de vida de personas en situación de discapacidad.,IMPACTO_MAS_ALLA_ACADEMIA,SALUD,0.512167,Activities of daily living | Functionality | Nutrition | Older adults | Oral nutritional supplement | Quality of life
2-s2.0-85213377303,Software codesign between end users and developers to enhance utility for biodiversity conservation,2-s2.0-85213377303::nombre_producto::6,nombre_producto,AMB-01,"El proyecto desarrolla soluciones ambientales asociadas a servicios ecosistémicos, biodiversidad o sostenibilidad ambiental.",IMPACTO_MAS_ALLA_ACADEMIA,MEDIO_AMBIENTE,0.568273,Software codesign between end users and developers to enhance utility for biodiversity conservation
2-s2.0-85213377303,Software codesign between end users and developers to enhance utility for biodiversity conservation,2-s2.0-85213377303::nombre_producto::6,nombre_producto,DIV-04,"Nivel en que los resultados, metodologías o saberes generados por el proyecto son difundidos en formatos comprensibles, abiertos y reutilizables, y en que dichos materiales son efectivamente consultados y aprovechados por públicos diversos.",DIVULGACION,,0.505412,Software codesign between end users and developers to enhance utility for biodiversity conservation
2-s2.0-85213377303,Software codesign between end users and developers to enhance utility for biodiversity conservation,2-s2.0-85213377303::nombre_producto::6,nombre_producto,TEC-02,El proyecto incluye procesos participativos de validación tecnológica con usuarios reales.,IMPACTO_MAS_ALLA_ACADEMIA,TECNOLOGIA,0.50321,Software codesign between end users and developers to enhance utility for biodiversity conservation
2-s2.0-85213377303,Software codesign between end users and developers to enhance utility for biodiversity conservation,2-s2.0-85213377303::resumen::7,resumen,AMB-01,"El proyecto desarrolla soluciones ambientales asociadas a servicios ecosistémicos, biodiversidad o sostenibilidad ambiental.",IMPACTO_MAS_ALLA_ACADEMIA,MEDIO_AMBIENTE,0.533535,"Creating software tools that address the needs of a wide range of decision-makers requires the inclusion of differing perspectives throughout the development process. Software tools for biodiversity conservation often fall short in this regard, partly because broad decision-maker needs may exceed the toolkits of single research groups or even institutions. We show that participatory, collaborative codesign enhances the utility of software tools for better decision-making in biodiversity conservation planning, as demonstrated by our experiences developing a set of integrated tools in Colombia. Specifically, we undertook an interdisciplinary, multi-institutional collaboration of ecological modelers, software engineers, and a diverse profile of potential end users, including decision-makers, conservation practitioners, and biodiversity experts."
2-s2.0-85213377303,Software codesign between end users and developers to enhance utility for biodiversity conservation,2-s2.0-85213377303::resumen::7,resumen,COL-01,"El proyecto incorpora enfoques interdisciplinarios o transdisciplinarios tanto en el planteamiento del problema como en los métodos, tipos de análisis y perspectivas conceptuales utilizadas.",CONDICIONES_COLABORACION,,0.505049,"Creating software tools that address the needs of a wide range of decision-makers requires the inclusion of differing perspectives throughout the development process. Software tools for biodiversity conservation often fall short in this regard, partly because broad decision-maker needs may exceed the toolkits of single research groups or even institutions. We show that participatory, collaborative codesign enhances the utility of software tools for better decision-making in biodiversity conservation planning, as demonstrated by our experiences developing a set of integrated tools in Colombia. Specifically, we undertook an interdisciplinary, multi-institutional collaboration of ecological modelers, software engineers, and a diverse profile of potential end users, including decision-makers, conservation practitioners, and biodiversity experts."
2-s2.0-85213377303,Software codesign between end users and developers to enhance utility for biodiversity conservation,2-s2.0-85213377303::resumen::7,resumen,DIV-02,"Número de productos (comunicados, artículos, blogs, libros, videos, material para redes sociales, entre otros) diseñados y utilizados para comunicar los resultados del proyecto a públicos diversos.",DIVULGACION,,0.501615,"Creating software tools that address the needs of a wide range of decision-makers requires the inclusion of differing perspectives throughout the development process. Software tools for biodiversity conservation often fall short in this regard, partly because broad decision-maker needs may exceed the toolkits of single research groups or even institutions. We show that participatory, collaborative codesign enhances the utility of software tools for better decision-making in biodiversity conservation planning, as demonstrated by our experiences developing a set of integrated tools in Colombia. Specifically, we undertook an interdisciplinary, multi-institutional collaboration of ecological modelers, software engineers, and a diverse profile of potential end users, including decision-makers, conservation practitioners, and biodiversity experts."
2-s2.0-85213377303,Software codesign between end users and developers to enhance utility for biodiversity conservation,2-s2.0-85213377303::resumen::8,resumen,DIV-04,"Nivel en que los resultados, metodologías o saberes generados por el proyecto son difundidos en formatos comprensibles, abiertos y reutilizables, y en que dichos materiales son efectivamente consultados y aprovechados por públicos diversos.",DIVULGACION,,0.526996,"We leveraged and modified common paradigms of software production, including codesign and agile development, to facilitate collaboration through all stages (including conceptualization, development, testing, and feedback) to ensure the accessibility and applicability of the new tools to inform decision-making for biodiversity conservation planning."
2-s2.0-85213377303,Software codesign between end users and developers to enhance utility for biodiversity conservation,2-s2.0-85213377303::resumen::8,resumen,TEC-01,El proyecto desarrolla productos tecnológicos con participación de actores no académicos o sectores aplicados.,IMPACTO_MAS_ALLA_ACADEMIA,TECNOLOGIA,0.51474,"We leveraged and modified common paradigms of software production, including codesign and agile development, to facilitate collaboration through all stages (including conceptualization, development, testing, and feedback) to ensure the accessibility and applicability of the new tools to inform decision-making for biodiversity conservation planning."
2-s2.0-85213377303,Software codesign between end users and developers to enhance utility for biodiversity conservation,2-s2.0-85213377303::resumen::8,resumen,TEC-02,El proyecto incluye procesos participativos de validación tecnológica con usuarios reales.,IMPACTO_MAS_ALLA_ACADEMIA,TECNOLOGIA,0.509397,"We leveraged and modified common paradigms of software production, including codesign and agile development, to facilitate collaboration through all stages (including conceptualization, development, testing, and feedback) to ensure the accessibility and applicability of the new tools to inform decision-making for biodiversity conservation planning."
2-s2.0-85213377303,Software codesign between end users and developers to enhance utility for biodiversity conservation,2-s2.0-85213377303::palabras_clave::9,palabras_clave,AMB-01,"El proyecto desarrolla soluciones ambientales asociadas a servicios ecosistémicos, biodiversidad o sostenibilidad ambiental.",IMPACTO_MAS_ALLA_ACADEMIA,MEDIO_AMBIENTE,0.678049,applied ecology | biodiversity | biogeography | conservation | informatics
2-s2.0-85213377303,Software codesign between end users and developers to enhance utility for biodiversity conservation,2-s2.0-85213377303::palabras_clave::9,palabras_clave,AMB-02,"El proyecto genera mejoras sostenibles en el entorno ambiental, económico y social de los grupos de interés.",IMPACTO_MAS_ALLA_ACADEMIA,MEDIO_AMBIENTE,0.530883,applied ecology | biodiversity | biogeography | conservation | informatics
2-s2.0-85213377303,Software codesign between end users and developers to enhance utility for biodiversity conservation,2-s2.0-85213377303::palabras_clave::9,palabras_clave,ECO-05,El proyecto contribuye a mejorar prácticas productivas sostenibles en los sectores o territorios involucrados.,IMPACTO_MAS_ALLA_ACADEMIA,ECONOMIA,0.515395,applied ecology | biodiversity | biogeography | conservation | informatics
2-s2.0-85213954883,Estudia: A Recommendation System for Higher Education Career Choice,2-s2.0-85213954883::resumen::7,resumen,SOC-02,"El proyecto contribuye a consolidar redes de colaboración y alianzas entre comunidades, organizaciones e instituciones.",IMPACTO_MAS_ALLA_ACADEMIA,SOCIEDAD,0.475465,"This paper presents a mobile application, called Estudia, to establish a closer connection between higher education institutions and individuals, considering their social and territorial context, interests, and skills. This application is expected to serve as a professional guidance tool for Colombians students interested in enrolling in technical academic programs. Estudia utilizes user information to suggest programs near their place of residence, providing a personalized offer that suits their specific characteristics and needs. This paper describes Estudia's User Model tailored to the students' characteristics and contexts, and academic programs. This paper also describes the design and implementation of the application in a functional prototype, along with tests and validations conducted with real users."
2-s2.0-85213954883,Estudia: A Recommendation System for Higher Education Career Choice,2-s2.0-85213954883::resumen::7,resumen,TEC-04,El proyecto utiliza tecnología para maximizar el impacto positivo en comunidades o actores destinatarios.,IMPACTO_MAS_ALLA_ACADEMIA,TECNOLOGIA,0.464976,"This paper presents a mobile application, called Estudia, to establish a closer connection between higher education institutions and individuals, considering their social and territorial context, interests, and skills. This application is expected to serve as a professional guidance tool for Colombians students interested in enrolling in technical academic programs. Estudia utilizes user information to suggest programs near their place of residence, providing a personalized offer that suits their specific characteristics and needs. This paper describes Estudia's User Model tailored to the students' characteristics and contexts, and academic programs. This paper also describes the design and implementation of the application in a functional prototype, along with tests and validations conducted with real users."
2-s2.0-85213954883,Estudia: A Recommendation System for Higher Education Career Choice,2-s2.0-85213954883::resumen::7,resumen,TEC-01,El proyecto desarrolla productos tecnológicos con participación de actores no académicos o sectores aplicados.,IMPACTO_MAS_ALLA_ACADEMIA,TECNOLOGIA,0.460792,"This paper presents a mobile application, called Estudia, to establish a closer connection between higher education institutions and individuals, considering their social and territorial context, interests, and skills. This application is expected to serve as a professional guidance tool for Colombians students interested in enrolling in technical academic programs. Estudia utilizes user information to suggest programs near their place of residence, providing a personalized offer that suits their specific characteristics and needs. This paper describes Estudia's User Model tailored to the students' characteristics and contexts, and academic programs. This paper also describes the design and implementation of the application in a functional prototype, along with tests and validations conducted with real users."
titulo_anio:modelo de referencia para la deteccion de eventos de contaminacion industrial basado en una red de sensores [a reference model for detection of industrial pollution events based on a sensors network|2016,Modelo de referencia para la detección de eventos de contaminación industrial basado en una red de sensores [A reference model for detection of industrial pollution events based on a sensors network,titulo_anio:modelo de referencia para la deteccion de eventos de contaminacion industrial basado en una red de sensores [a reference model for detection of industrial pollution events based on a sensors network|2016::resumen::7,resumen,DIV-04,"Nivel en que los resultados, metodologías o saberes generados por el proyecto son difundidos en formatos comprensibles, abiertos y reutilizables, y en que dichos materiales son efectivamente consultados y aprovechados por públicos diversos.",DIVULGACION,,0.464685,"La contaminación industrial es un aspecto que está afectando en forma importante la sostenibilidad del planeta. Para poder manejar la contaminación, el primer paso es detectarla tan pronto como ésta ocurra, de ahí la importancia de la recolección oportuna de datos. Actualmente la tecnología nos da un gran soporte para esta tarea porque se cuenta con redes de sensores que, al estar en el ambiente, permiten recolectar grandes cantidades de datos. Si estos datos son procesados de forma adecuada, pueden ayudar en la detección temprana de focos de contaminación. No obstante, hay que enfrentar el problema de manejar de forma efectiva una gran cantidad de datos provenientes de dispositivos heterogéneos, que incluyen tanto a los sensores tradicionales o motas de las redes inalámbricas de sensores, como a los sensores ubicados en teléfonos inteligentes."
titulo_anio:modelo de referencia para la deteccion de eventos de contaminacion industrial basado en una red de sensores [a reference model for detection of industrial pollution events based on a sensors network|2016,Modelo de referencia para la detección de eventos de contaminación industrial basado en una red de sensores [A reference model for detection of industrial pollution events based on a sensors network,titulo_anio:modelo de referencia para la deteccion de eventos de contaminacion industrial basado en una red de sensores [a reference model for detection of industrial pollution events based on a sensors network|2016::resumen::7,resumen,TEC-04,El proyecto utiliza tecnología para maximizar el impacto positivo en comunidades o actores destinatarios.,IMPACTO_MAS_ALLA_ACADEMIA,TECNOLOGIA,0.463444,"La contaminación industrial es un aspecto que está afectando en forma importante la sostenibilidad del planeta. Para poder manejar la contaminación, el primer paso es detectarla tan pronto como ésta ocurra, de ahí la importancia de la recolección oportuna de datos. Actualmente la tecnología nos da un gran soporte para esta tarea porque se cuenta con redes de sensores que, al estar en el ambiente, permiten recolectar grandes cantidades de datos. Si estos datos son procesados de forma adecuada, pueden ayudar en la detección temprana de focos de contaminación. No obstante, hay que enfrentar el problema de manejar de forma efectiva una gran cantidad de datos provenientes de dispositivos heterogéneos, que incluyen tanto a los sensores tradicionales o motas de las redes inalámbricas de sensores, como a los sensores ubicados en teléfonos inteligentes."
titulo_anio:modelo de referencia para la deteccion de eventos de contaminacion industrial basado en una red de sensores [a reference model for detection of industrial pollution events based on a sensors network|2016,Modelo de referencia para la detección de eventos de contaminación industrial basado en una red de sensores [A reference model for detection of industrial pollution events based on a sensors network,titulo_anio:modelo de referencia para la deteccion de eventos de contaminacion industrial basado en una red de sensores [a reference model for detection of industrial pollution events based on a sensors network|2016::resumen::7,resumen,SAL-02,El proyecto contribuye a prevenir riesgos en salud pública.,IMPACTO_MAS_ALLA_ACADEMIA,SALUD,0.45612,"La contaminación industrial es un aspecto que está afectando en forma importante la sostenibilidad del planeta. Para poder manejar la contaminación, el primer paso es detectarla tan pronto como ésta ocurra, de ahí la importancia de la recolección oportuna de datos. Actualmente la tecnología nos da un gran soporte para esta tarea porque se cuenta con redes de sensores que, al estar en el ambiente, permiten recolectar grandes cantidades de datos. Si estos datos son procesados de forma adecuada, pueden ayudar en la detección temprana de focos de contaminación. No obstante, hay que enfrentar el problema de manejar de forma efectiva una gran cantidad de datos provenientes de dispositivos heterogéneos, que incluyen tanto a los sensores tradicionales o motas de las redes inalámbricas de sensores, como a los sensores ubicados en teléfonos inteligentes."
titulo_anio:modelo de referencia para la deteccion de eventos de contaminacion industrial basado en una red de sensores [a reference model for detection of industrial pollution events based on a sensors network|2016,Modelo de referencia para la detección de eventos de contaminación industrial basado en una red de sensores [A reference model for detection of industrial pollution events based on a sensors network,titulo_anio:modelo de referencia para la deteccion de eventos de contaminacion industrial basado en una red de sensores [a reference model for detection of industrial pollution events based on a sensors network|2016::resumen::8,resumen,DIV-04,"Nivel en que los resultados, metodologías o saberes generados por el proyecto son difundidos en formatos comprensibles, abiertos y reutilizables, y en que dichos materiales son efectivamente consultados y aprovechados por públicos diversos.",DIVULGACION,,0.619431,"El manejo de esta heterogeneidad motivó a diseñar un modelo de referencia que sirviera de guía para realizar las funciones de detección, almacenamiento, procesamiento y visualización/publicación de los datos, usando las tecnologías más adecuadas. La idea es que este modelo de referencia pueda posteriormente ser instanciado con componentes de hardware y software específicos, que respondan a las necesidades de determinadas empresas o entes gubernamentales, interesados en tomar acciones preventivas o correctivas sobre la contaminación ambiental. En este artículo se presenta el modelo de referencia propuesto y se describe un prototipo que instancia este modelo. El prototipo desarrollado está enfocado en la medición de la contaminación auditiva en una empresa del sector automotriz en Bogotá."
titulo_anio:modelo de referencia para la deteccion de eventos de contaminacion industrial basado en una red de sensores [a reference model for detection of industrial pollution events based on a sensors network|2016,Modelo de referencia para la detección de eventos de contaminación industrial basado en una red de sensores [A reference model for detection of industrial pollution events based on a sensors network,titulo_anio:modelo de referencia para la deteccion de eventos de contaminacion industrial basado en una red de sensores [a reference model for detection of industrial pollution events based on a sensors network|2016::resumen::8,resumen,TEC-01,El proyecto desarrolla productos tecnológicos con participación de actores no académicos o sectores aplicados.,IMPACTO_MAS_ALLA_ACADEMIA,TECNOLOGIA,0.601599,"El manejo de esta heterogeneidad motivó a diseñar un modelo de referencia que sirviera de guía para realizar las funciones de detección, almacenamiento, procesamiento y visualización/publicación de los datos, usando las tecnologías más adecuadas. La idea es que este modelo de referencia pueda posteriormente ser instanciado con componentes de hardware y software específicos, que respondan a las necesidades de determinadas empresas o entes gubernamentales, interesados en tomar acciones preventivas o correctivas sobre la contaminación ambiental. En este artículo se presenta el modelo de referencia propuesto y se describe un prototipo que instancia este modelo. El prototipo desarrollado está enfocado en la medición de la contaminación auditiva en una empresa del sector automotriz en Bogotá."
titulo_anio:modelo de referencia para la deteccion de eventos de contaminacion industrial basado en una red de sensores [a reference model for detection of industrial pollution events based on a sensors network|2016,Modelo de referencia para la detección de eventos de contaminación industrial basado en una red de sensores [A reference model for detection of industrial pollution events based on a sensors network,titulo_anio:modelo de referencia para la deteccion de eventos de contaminacion industrial basado en una red de sensores [a reference model for detection of industrial pollution events based on a sensors network|2016::resumen::8,resumen,TEC-05,El proyecto genera desarrollos tecnológicos originales con aplicación demostrada fuera del ámbito académico.,IMPACTO_MAS_ALLA_ACADEMIA,TECNOLOGIA,0.590465,"El manejo de esta heterogeneidad motivó a diseñar un modelo de referencia que sirviera de guía para realizar las funciones de detección, almacenamiento, procesamiento y visualización/publicación de los datos, usando las tecnologías más adecuadas. La idea es que este modelo de referencia pueda posteriormente ser instanciado con componentes de hardware y software específicos, que respondan a las necesidades de determinadas empresas o entes gubernamentales, interesados en tomar acciones preventivas o correctivas sobre la contaminación ambiental. En este artículo se presenta el modelo de referencia propuesto y se describe un prototipo que instancia este modelo. El prototipo desarrollado está enfocado en la medición de la contaminación auditiva en una empresa del sector automotriz en Bogotá."
titulo_anio:modelo de referencia para la deteccion de eventos de contaminacion industrial basado en una red de sensores [a reference model for detection of industrial pollution events based on a sensors network|2016,Modelo de referencia para la detección de eventos de contaminación industrial basado en una red de sensores [A reference model for detection of industrial pollution events based on a sensors network,titulo_anio:modelo de referencia para la deteccion de eventos de contaminacion industrial basado en una red de sensores [a reference model for detection of industrial pollution events based on a sensors network|2016::resumen::9,resumen,ECO-05,El proyecto contribuye a mejorar prácticas productivas sostenibles en los sectores o territorios involucrados.,IMPACTO_MAS_ALLA_ACADEMIA,ECONOMIA,0.516161,"La información obtenida con el prototipo fue utilizada para tomar medidas preventivas para el control de focos de contaminación auditiva por parte de la empresa. Industrial pollution is significantly affecting the sustainability of the planet. A data collection process allows us to review the contamination levels, and take actions in a timely manner. Nowadays wireless sensor networks support the collection of large amounts of environmental data. If these data are properly processed, they can be used in the detection of pollution sources, and in the design of preventive -or corrective- strategies to deal with it. However, this requires to effectively manage large amount of data obtained from heterogeneous devices, including not only data from traditional sensors or motes of wireless sensor networks, but also from sensors within Smartphones."
titulo_anio:modelo de referencia para la deteccion de eventos de contaminacion industrial basado en una red de sensores [a reference model for detection of industrial pollution events based on a sensors network|2016,Modelo de referencia para la detección de eventos de contaminación industrial basado en una red de sensores [A reference model for detection of industrial pollution events based on a sensors network,titulo_anio:modelo de referencia para la deteccion de eventos de contaminacion industrial basado en una red de sensores [a reference model for detection of industrial pollution events based on a sensors network|2016::resumen::9,resumen,AMB-01,"El proyecto desarrolla soluciones ambientales asociadas a servicios ecosistémicos, biodiversidad o sostenibilidad ambiental.",IMPACTO_MAS_ALLA_ACADEMIA,MEDIO_AMBIENTE,0.506705,"La información obtenida con el prototipo fue utilizada para tomar medidas preventivas para el control de focos de contaminación auditiva por parte de la empresa. Industrial pollution is significantly affecting the sustainability of the planet. A data collection process allows us to review the contamination levels, and take actions in a timely manner. Nowadays wireless sensor networks support the collection of large amounts of environmental data. If these data are properly processed, they can be used in the detection of pollution sources, and in the design of preventive -or corrective- strategies to deal with it. However, this requires to effectively manage large amount of data obtained from heterogeneous devices, including not only data from traditional sensors or motes of wireless sensor networks, but also from sensors within Smartphones."
titulo_anio:modelo de referencia para la deteccion de eventos de contaminacion industrial basado en una red de sensores [a reference model for detection of industrial pollution events based on a sensors network|2016,Modelo de referencia para la detección de eventos de contaminación industrial basado en una red de sensores [A reference model for detection of industrial pollution events based on a sensors network,titulo_anio:modelo de referencia para la deteccion de eventos de contaminacion industrial basado en una red de sensores [a reference model for detection of industrial pollution events based on a sensors network|2016::resumen::9,resumen,AMB-02,"El proyecto genera mejoras sostenibles en el entorno ambiental, económico y social de los grupos de interés.",IMPACTO_MAS_ALLA_ACADEMIA,MEDIO_AMBIENTE,0.506694,"La información obtenida con el prototipo fue utilizada para tomar medidas preventivas para el control de focos de contaminación auditiva por parte de la empresa. Industrial pollution is significantly affecting the sustainability of the planet. A data collection process allows us to review the contamination levels, and take actions in a timely manner. Nowadays wireless sensor networks support the collection of large amounts of environmental data. If these data are properly processed, they can be used in the detection of pollution sources, and in the design of preventive -or corrective- strategies to deal with it. However, this requires to effectively manage large amount of data obtained from heterogeneous devices, including not only data from traditional sensors or motes of wireless sensor networks, but also from sensors within Smartphones."
titulo_anio:modelo de referencia para la deteccion de eventos de contaminacion industrial basado en una red de sensores [a reference model for detection of industrial pollution events based on a sensors network|2016,Modelo de referencia para la detección de eventos de contaminación industrial basado en una red de sensores [A reference model for detection of industrial pollution events based on a sensors network,titulo_anio:modelo de referencia para la deteccion de eventos de contaminacion industrial basado en una red de sensores [a reference model for detection of industrial pollution events based on a sensors network|2016::resumen::10,resumen,TEC-01,El proyecto desarrolla productos tecnológicos con participación de actores no académicos o sectores aplicados.,IMPACTO_MAS_ALLA_ACADEMIA,TECNOLOGIA,0.524663,"In order to handle this heterogeneity, we design a reference model that serves as a guide to combine the technologies of storage, processing and presentation of the data. This model can then be instantiated with specific hardware and software components that meet the needs of companies or government agencies interested in dealing with environmental pollution. In this article, the proposed reference model is presented, in conjunction with a prototype that can be used to solve problems of noise pollution in an automotive company located in Bogota."
titulo_anio:modelo de referencia para la deteccion de eventos de contaminacion industrial basado en una red de sensores [a reference model for detection of industrial pollution events based on a sensors network|2016,Modelo de referencia para la detección de eventos de contaminación industrial basado en una red de sensores [A reference model for detection of industrial pollution events based on a sensors network,titulo_anio:modelo de referencia para la deteccion de eventos de contaminacion industrial basado en una red de sensores [a reference model for detection of industrial pollution events based on a sensors network|2016::resumen::10,resumen,TEC-06,El proyecto aplica tecnologías preexistentes de forma novedosa y contextualizada para resolver problemas locales.,IMPACTO_MAS_ALLA_ACADEMIA,TECNOLOGIA,0.523576,"In order to handle this heterogeneity, we design a reference model that serves as a guide to combine the technologies of storage, processing and presentation of the data. This model can then be instantiated with specific hardware and software components that meet the needs of companies or government agencies interested in dealing with environmental pollution. In this article, the proposed reference model is presented, in conjunction with a prototype that can be used to solve problems of noise pollution in an automotive company located in Bogota."
titulo_anio:modelo de referencia para la deteccion de eventos de contaminacion industrial basado en una red de sensores [a reference model for detection of industrial pollution events based on a sensors network|2016,Modelo de referencia para la detección de eventos de contaminación industrial basado en una red de sensores [A reference model for detection of industrial pollution events based on a sensors network,titulo_anio:modelo de referencia para la deteccion de eventos de contaminacion industrial basado en una red de sensores [a reference model for detection of industrial pollution events based on a sensors network|2016::resumen::10,resumen,TEC-05,El proyecto genera desarrollos tecnológicos originales con aplicación demostrada fuera del ámbito académico.,IMPACTO_MAS_ALLA_ACADEMIA,TECNOLOGIA,0.503954,"In order to handle this heterogeneity, we design a reference model that serves as a guide to combine the technologies of storage, processing and presentation of the data. This model can then be instantiated with specific hardware and software components that meet the needs of companies or government agencies interested in dealing with environmental pollution. In this article, the proposed reference model is presented, in conjunction with a prototype that can be used to solve problems of noise pollution in an automotive company located in Bogota."
titulo_anio:modelo de referencia para la deteccion de eventos de contaminacion industrial basado en una red de sensores [a reference model for detection of industrial pollution events based on a sensors network|2016,Modelo de referencia para la detección de eventos de contaminación industrial basado en una red de sensores [A reference model for detection of industrial pollution events based on a sensors network,titulo_anio:modelo de referencia para la deteccion de eventos de contaminacion industrial basado en una red de sensores [a reference model for detection of industrial pollution events based on a sensors network|2016::palabras_clave::11,palabras_clave,POL-09,"Número de redes relacionadas con políticas públicas en las que el proyecto ha participado o contribuido a crear, conformadas por actores de diversos sectores.",IMPACTO_MAS_ALLA_ACADEMIA,POLITICA_PUBLICA,0.434222,Redes inalámbricas de sensores | Teléfonos inteligentes | Monitorización | Minería de datos | Contaminación industrial | Wireless sensor networks | Smartphones | Monitoring | Data mining | Industrial pollution
titulo_anio:modelo de referencia para la deteccion de eventos de contaminacion industrial basado en una red de sensores [a reference model for detection of industrial pollution events based on a sensors network|2016,Modelo de referencia para la detección de eventos de contaminación industrial basado en una red de sensores [A reference model for detection of industrial pollution events based on a sensors network,titulo_anio:modelo de referencia para la deteccion de eventos de contaminacion industrial basado en una red de sensores [a reference model for detection of industrial pollution events based on a sensors network|2016::palabras_clave::11,palabras_clave,DIV-02,"Número de productos (comunicados, artículos, blogs, libros, videos, material para redes sociales, entre otros) diseñados y utilizados para comunicar los resultados del proyecto a públicos diversos.",DIVULGACION,,0.431258,Redes inalámbricas de sensores | Teléfonos inteligentes | Monitorización | Minería de datos | Contaminación industrial | Wireless sensor networks | Smartphones | Monitoring | Data mining | Industrial pollution
titulo_anio:modelo de referencia para la deteccion de eventos de contaminacion industrial basado en una red de sensores [a reference model for detection of industrial pollution events based on a sensors network|2016,Modelo de referencia para la detección de eventos de contaminación industrial basado en una red de sensores [A reference model for detection of industrial pollution events based on a sensors network,titulo_anio:modelo de referencia para la deteccion de eventos de contaminacion industrial basado en una red de sensores [a reference model for detection of industrial pollution events based on a sensors network|2016::palabras_clave::11,palabras_clave,TEC-03,Los resultados tecnológicos son desarrollados con potencial de comercialización.,IMPACTO_MAS_ALLA_ACADEMIA,TECNOLOGIA,0.430934,Redes inalámbricas de sensores | Teléfonos inteligentes | Monitorización | Minería de datos | Contaminación industrial | Wireless sensor networks | Smartphones | Monitoring | Data mining | Industrial pollution
2-s2.0-85107701593,Is a cloud-based platform useful for diabetes management in Colombia? The Tidepool experience,2-s2.0-85107701593::resumen::9,resumen,SAL-06,El proyecto fortalece estrategias participativas de cuidado implementadas por distintos actores sociales.,IMPACTO_MAS_ALLA_ACADEMIA,SALUD,0.506504,"Users, both participants and clinicians, agreed to recommend the use of platforms like Tidepool to achieve better disease management and communication with the health care team. Some improvements were identified to enhance the user experience."
2-s2.0-85107701593,Is a cloud-based platform useful for diabetes management in Colombia? The Tidepool experience,2-s2.0-85107701593::resumen::9,resumen,TEC-02,El proyecto incluye procesos participativos de validación tecnológica con usuarios reales.,IMPACTO_MAS_ALLA_ACADEMIA,TECNOLOGIA,0.473646,"Users, both participants and clinicians, agreed to recommend the use of platforms like Tidepool to achieve better disease management and communication with the health care team. Some improvements were identified to enhance the user experience."
2-s2.0-85107701593,Is a cloud-based platform useful for diabetes management in Colombia? The Tidepool experience,2-s2.0-85107701593::resumen::9,resumen,TEC-04,El proyecto utiliza tecnología para maximizar el impacto positivo en comunidades o actores destinatarios.,IMPACTO_MAS_ALLA_ACADEMIA,TECNOLOGIA,0.457447,"Users, both participants and clinicians, agreed to recommend the use of platforms like Tidepool to achieve better disease management and communication with the health care team. Some improvements were identified to enhance the user experience."
2-s2.0-85107701593,Is a cloud-based platform useful for diabetes management in Colombia? The Tidepool experience,2-s2.0-85107701593::palabras_clave::10,palabras_clave,SAL-03,El proyecto implementa acciones orientadas a mejorar la calidad de vida de personas en situación de discapacidad.,IMPACTO_MAS_ALLA_ACADEMIA,SALUD,0.464005,Colombia | Diabetes management | eHealth | Telemedicine | Usability study
2-s2.0-85107701593,Is a cloud-based platform useful for diabetes management in Colombia? The Tidepool experience,2-s2.0-85107701593::palabras_clave::10,palabras_clave,SAL-02,El proyecto contribuye a prevenir riesgos en salud pública.,IMPACTO_MAS_ALLA_ACADEMIA,SALUD,0.462433,Colombia | Diabetes management | eHealth | Telemedicine | Usability study
2-s2.0-85107701593,Is a cloud-based platform useful for diabetes management in Colombia? The Tidepool experience,2-s2.0-85107701593::palabras_clave::10,palabras_clave,SAL-06,El proyecto fortalece estrategias participativas de cuidado implementadas por distintos actores sociales.,IMPACTO_MAS_ALLA_ACADEMIA,SALUD,0.436612,Colombia | Diabetes management | eHealth | Telemedicine | Usability study
